[
  {
    "id": "rf_01",
    "question_text": "Wer ist ein Unternehmer im Sinne des UGB?",
    "type": "single_choice",
    "possible_answers": [
      "Nur eine juristische Person",
      "Wer ein Unternehmen betreibt",
      "Nur wer im Firmenbuch steht",
      "Ausschließlich Freiberufler"
    ],
    "correct_answer": "Wer ein Unternehmen betreibt",
    "explanation": "Ein Unternehmer ist, wer ein Unternehmen betreibt. Dies können natürliche oder juristische Personen sein.",
    "topic": "Unternehmensgrundlagen"
  },
  {
    "id": "rf_02",
    "question_text": "Woraus setzt sich ein Firmenname zusammen?",
    "type": "multiple_choice",
    "possible_answers": [
      "Firmenkern",
      "Firmenzusatz",
      "Firmenlogo",
      "Firmenadresse"
    ],
    "correct_answer": ["Firmenkern", "Firmenzusatz"],
    "explanation": "Ein Firmenname besteht immer aus dem Firmenkern (z.B. Name oder Tätigkeit) und dem Firmenzusatz (Rechtsform, z.B. e.U., GmbH).",
    "topic": "Unternehmensgrundlagen"
  },
  {
    "id": "rf_03",
    "question_text": "Die Haftung beim Einzelunternehmen ist ___.",
    "type": "gap_fill",
    "correct_answer": "unbeschränkt",
    "explanation": "Der Inhaber eines Einzelunternehmens haftet unbeschränkt mit seinem gesamten Privat- und Betriebsvermögen.",
    "topic": "Rechtsformen"
  },
  {
    "id": "rf_04",
    "question_text": "Ordnen Sie die Haftung der richtigen Rechtsform zu.",
    "type": "matching",
    "options_left": ["Unbeschränkt & solidarisch", "Beschränkt auf Stammeinlage", "Komplementär unbeschränkt, Kommanditist beschränkt"],
    "options_right": ["GmbH", "KG", "OG"],
    "correct_matches": {
      "Unbeschränkt & solidarisch": "OG",
      "Beschränkt auf Stammeinlage": "GmbH",
      "Komplementär unbeschränkt, Kommanditist beschränkt": "KG"
    },
    "explanation": "OG: Alle Gesellschafter haften voll. KG: Haftung ist geteilt. GmbH: Haftung auf Gesellschaftsvermögen beschränkt.",
    "topic": "Rechtsformen"
  },
  {
    "id": "rf_05",
    "question_text": "Das Mindeststammkapital einer GmbH beträgt in Österreich 10.000 €.",
    "type": "true_false",
    "correct_answer": "true",
    "explanation": "Seit der GmbH-Reform beträgt das Mindeststammkapital 10.000 €, wovon die Hälfte (5.000 €) bar eingezahlt werden muss.",
    "topic": "Rechtsformen"
  },
  {
    "id": "rf_06",
    "question_text": "Ein Prokurist darf Grundstücke des Unternehmens verkaufen.",
    "type": "true_false",
    "correct_answer": "false",
    "explanation": "Ein Prokurist darf ohne besondere Ermächtigung keine Grundstücke veräußern oder belasten. Dies zählt zu den Grundlagengeschäften.",
    "topic": "Vollmachten"
  },
  {
    "id": "rf_07",
    "question_text": "Was ist der Hauptunterschied zwischen einem echten Arbeitsvertrag und einem Werkvertrag?",
    "type": "open_text",
    "correct_answer": "Beim Arbeitsvertrag wird die Arbeitskraft geschuldet, beim Werkvertrag ein bestimmter Erfolg oder ein Werk.",
    "explanation": "Der Arbeitsvertrag fokussiert auf die zur Verfügung gestellte Zeit und Arbeitsleistung, der Werkvertrag auf das fertige Ergebnis.",
    "topic": "Beschäftigungsverhältnisse"
  },
  {
    "id": "rf_08",
    "question_text": "Welches Risiko sichert ein Dokumentenakkreditiv für den Exporteur ab?",
    "type": "single_choice",
    "possible_answers": [
      "Transportrisiko",
      "Produktionsrisiko",
      "Zahlungsausfallrisiko",
      "Marktrisiko"
    ],
    "correct_answer": "Zahlungsausfallrisiko",
    "explanation": "Das Dokumentenakkreditiv ist ein Zahlungsversprechen der Bank und sichert den Exporteur hauptsächlich gegen den Ausfall der Zahlung ab.",
    "topic": "Außenhandel"
  },
  {
    "id": "rf_09",
    "question_text": "Die vier Ps des Marketing-Mix sind: Produktpolitik, Preispolitik, ___ und Kommunikationspolitik.",
    "type": "gap_fill",
    "correct_answer": "Distributionspolitik",
    "explanation": "Die vier Ps sind Product (Produkt), Price (Preis), Place (Distribution) und Promotion (Kommunikation).",
    "topic": "Marketing"
  },
  {
    "id": "rf_10",
    "question_text": "Was ist der Zweck der Sekundärforschung?",
    "type": "single_choice",
    "possible_answers": [
      "Neue Daten durch Umfragen erheben",
      "Bestehende Datenquellen auswerten",
      "Experimente im Labor durchführen",
      "Kunden direkt beobachten"
    ],
    "correct_answer": "Bestehende Datenquellen auswerten",
    "explanation": "Bei der Sekundärforschung (Desk Research) werden bereits vorhandene interne oder externe Daten analysiert.",
    "topic": "Marktforschung"
  },
  {
    "id": "rf_11",
    "question_text": "Ein Unternehmen senkt den Preis für ein neues Produkt stark, um schnell Marktanteile zu gewinnen. Wie nennt man diese Strategie?",
    "type": "single_choice",
    "possible_answers": [
      "Abschöpfungsstrategie",
      "Marktdurchdringungsstrategie",
      "Preisdifferenzierung",
      "Kalkulatorischer Ausgleich"
    ],
    "correct_answer": "Marktdurchdringungsstrategie",
    "explanation": "Bei der Marktdurchdringungsstrategie wird mit einem niedrigen Einführungspreis versucht, schnell eine große Käuferschicht zu erreichen.",
    "topic": "Preispolitik"
  },
  {
    "id": "rf_12",
    "question_text": "Ordnen Sie die Phasen des Produktlebenszyklus in der richtigen Reihenfolge.",
    "type": "sort",
    "order_fields": ["Reifephase", "Einführungsphase", "Wachstumsphase", "Rückgangsphase"],
    "correct_order": [1, 2, 0, 3],
    "explanation": "Die korrekte Reihenfolge ist: 1. Einführung, 2. Wachstum, 3. Reife, 4. Rückgang.",
    "topic": "Produktpolitik"
  },
  {
    "id": "rf_13",
    "question_text": "Ein Unternehmen stellt Schrauben her. Die Kosten für Stahl sind ___.",
    "type": "single_choice",
    "possible_answers": [
      "Fixkosten",
      "Variable Kosten",
      "Indirekte Kosten",
      "Lagerkosten"
    ],
    "correct_answer": "Variable Kosten",
    "explanation": "Materialkosten wie Stahl sind variable Kosten, da sie direkt von der Produktionsmenge abhängen.",
    "topic": "Kostenrechnung"
  },
  {
    "id": "rf_14",
    "question_text": "Berechnen Sie die Produktivität: 1.200 produzierte Einheiten bei 120 Arbeitsstunden.",
    "type": "calculation",
    "correct_answer": "10",
    "explanation": "Produktivität = Output / Input = 1.200 Einheiten / 120 Stunden = 10 Einheiten pro Stunde.",
    "topic": "Rechenbeispiele"
  },
  {
    "id": "rf_15",
    "question_text": "Just-in-Time-Beschaffung senkt die Lagerkosten.",
    "type": "true_false",
    "correct_answer": "true",
    "explanation": "Da bei der Just-in-Time-Beschaffung die Materialien erst bei Bedarf geliefert werden, fallen kaum Lagerkosten an.",
    "topic": "Materialwirtschaft"
  },
  {
    "id": "rf_16",
    "question_text": "Die Abkürzung 'ppa.' unter einer Unterschrift steht für ___.",
    "type": "gap_fill",
    "correct_answer": "per procura",
    "explanation": "ppa. (per procura autoritate) ist die Kennzeichnung für die Unterschrift eines Prokuristen.",
    "topic": "Vollmachten"
  },
  {
    "id": "rf_17",
    "question_text": "Was ist der Hauptzweck einer Genossenschaft?",
    "type": "single_choice",
    "possible_answers": [
      "Maximierung des Gewinns für Aktionäre",
      "Förderung der Mitglieder",
      "Geheimhaltung der Gesellschafter",
      "Minimierung der Haftung"
    ],
    "correct_answer": "Förderung der Mitglieder",
    "explanation": "Eine Genossenschaft (Gen) hat primär das Ziel, den Erwerb oder die Wirtschaft ihrer Mitglieder zu fördern.",
    "topic": "Rechtsformen"
  },
  {
    "id": "rf_18",
    "question_text": "Welches Dokument ist ein Wertpapier und berechtigt zur Abholung der Ware im Seehafen?",
    "type": "single_choice",
    "possible_answers": [
      "CMR-Frachtbrief",
      "Ursprungszeugnis",
      "Handelsrechnung",
      "Konnossement (Bill of Lading)"
    ],
    "correct_answer": "Konnossement (Bill of Lading)",
    "explanation": "Das Konnossement ist ein Traditionspapier, das den Anspruch auf die Ware im Zielhafen verbrieft.",
    "topic": "Außenhandel"
  },
  {
    "id": "rf_19",
    "question_text": "Die SWOT-Analyse ist ein Instrument der ___.",
    "type": "gap_fill",
    "correct_answer": "Marktanalyse",
    "explanation": "Die SWOT-Analyse (Strengths, Weaknesses, Opportunities, Threats) ist ein strategisches Planungsinstrument, das oft in der Marktanalyse verwendet wird, obwohl es hier nicht explizit genannt wurde.",
    "topic": "Marketing"
  },
  {
    "id": "rf_20",
    "question_text": "Was beschreibt 'Greenwashing'?",
    "type": "open_text",
    "correct_answer": "Ein Unternehmen gibt sich umweltfreundlicher, als es tatsächlich ist.",
    "explanation": "Greenwashing ist eine PR-Methode, bei der Unternehmen durch gezielte Desinformation ein umweltfreundliches und verantwortungsbewusstes Image vortäuschen.",
    "topic": "Marketingethik"
  },
  {
    "id": "rf_21",
    "question_text": "Ein Kommanditist haftet in der Regel...",
    "type": "single_choice",
    "possible_answers": [
      "unbeschränkt.",
      "nur mit seiner Einlage.",
      "gar nicht.",
      "solidarisch mit allen anderen."
    ],
    "correct_answer": "nur mit seiner Einlage.",
    "explanation": "Der Kommanditist (Teilhafter) einer KG haftet nur bis zur Höhe seiner im Firmenbuch eingetragenen Haftsumme (Einlage).",
    "topic": "Rechtsformen"
  },
  {
    "id": "rf_22",
    "question_text": "Berechne die Eigenkapitalrentabilität: Gewinn = 50.000 €, Eigenkapital = 500.000 €.",
    "type": "calculation",
    "correct_answer": "10",
    "explanation": "Eigenkapitalrentabilität = (Gewinn / Eigenkapital) * 100 = (50.000 / 500.000) * 100 = 10%.",
    "topic": "Rechenbeispiele"
  },
  {
    "id": "rf_23",
    "question_text": "Welche Incoterm-Klausel bedeutet, dass der Verkäufer die Ware am benannten Bestimmungsort entladebereit zur Verfügung stellt?",
    "type": "single_choice",
    "possible_answers": ["EXW", "FOB", "CIF", "DPU"],
    "correct_answer": "DPU",
    "explanation": "DPU (Delivered at Place Unloaded) bedeutet, dass der Verkäufer das Risiko und die Kosten bis zum Entladen am Bestimmungsort trägt.",
    "topic": "Außenhandel"
  },
  {
    "id": "rf_24",
    "question_text": "Zu welcher Phase des Produktlebenszyklus passt ein Relaunch am besten?",
    "type": "single_choice",
    "possible_answers": [
      "Einführungsphase",
      "Wachstumsphase",
      "Reife- oder Sättigungsphase",
      "Rückgangsphase"
    ],
    "correct_answer": "Reife- oder Sättigungsphase",
    "explanation": "Ein Relaunch (Produktüberarbeitung) wird meist in der Reife- oder Sättigungsphase durchgeführt, um den Lebenszyklus zu verlängern.",
    "topic": "Produktpolitik"
  },
  {
    "id": "rf_25",
    "question_text": "Eine Arbeitsgemeinschaft von zwei Bauunternehmen für ein großes Projekt ist typischerweise eine ___.",
    "type": "gap_fill",
    "correct_answer": "GesbR",
    "explanation": "Eine Gesellschaft bürgerlichen Rechts (GesbR) wird oft für zeitlich begrenzte Projekte oder Arbeitsgemeinschaften (ARGE) gegründet.",
    "topic": "Rechtsformen"
  }
]
[
  {
    "id": "rf_26",
    "question_text": "Welche Art von Firma ist 'Huber & Söhne OG'?",
    "type": "single_choice",
    "possible_answers": [
      "Sachfirma",
      "Personenfirma",
      "Fantasiefirma",
      "Gemischte Firma"
    ],
    "correct_answer": "Personenfirma",
    "explanation": "Eine Personenfirma enthält den Namen eines oder mehrerer Gesellschafter.",
    "topic": "Unternehmensgrundlagen"
  },
  {
    "id": "rf_27",
    "question_text": "Ein stiller Gesellschafter scheint nach außen nicht auf und wird nicht im ___ eingetragen.",
    "type": "gap_fill",
    "correct_answer": "Firmenbuch",
    "explanation": "Die stille Gesellschaft ist eine reine Innengesellschaft, die Beteiligung ist nach außen nicht ersichtlich.",
    "topic": "Rechtsformen"
  },
  {
    "id": "rf_28",
    "question_text": "Welche der folgenden Tätigkeiten ist eine typische Aufgabe der Distributionspolitik?",
    "type": "single_choice",
    "possible_answers": [
      "Eine Werbekampagne gestalten",
      "Einen neuen Produktpreis festlegen",
      "Einen Online-Shop einrichten",
      "Eine Rabattaktion planen"
    ],
    "correct_answer": "Einen Online-Shop einrichten",
    "explanation": "Die Distributionspolitik (Place) befasst sich mit den Wegen, wie das Produkt zum Kunden gelangt, z.B. über Filialen, Händler oder einen Online-Shop.",
    "topic": "Marketing"
  },
  {
    "id": "rf_29",
    "question_text": "Was ist der Hauptvorteil einer dezentralen Beschaffung?",
    "type": "single_choice",
    "possible_answers": [
      "Bessere Mengenrabatte",
      "Schnellere Reaktion auf spezifische Bedarfe",
      "Geringerer Verwaltungsaufwand",
      "Bessere Übersicht über alle Einkäufe"
    ],
    "correct_answer": "Schnellere Reaktion auf spezifische Bedarfe",
    "explanation": "Bei der dezentralen Beschaffung können Abteilungen schneller und flexibler auf ihren eigenen, spezifischen Bedarf reagieren.",
    "topic": "Materialwirtschaft"
  },
  {
    "id": "rf_30",
    "question_text": "Ordnen Sie die Begriffe dem richtigen Vertragstyp zu.",
    "type": "matching",
    "options_left": ["Persönliche Abhängigkeit", "Herstellung eines Werks", "Arbeitskraft zur Verfügung stellen ohne Weisungsbindung"],
    "options_right": ["Werkvertrag", "Freier Dienstvertrag", "Echter Arbeitsvertrag"],
    "correct_matches": {
      "Persönliche Abhängigkeit": "Echter Arbeitsvertrag",
      "Herstellung eines Werks": "Werkvertrag",
      "Arbeitskraft zur Verfügung stellen ohne Weisungsbindung": "Freier Dienstvertrag"
    },
    "explanation": "Die persönliche Abhängigkeit ist das Kernmerkmal des echten Arbeitsvertrags, der Werkvertrag zielt auf ein Ergebnis ab und der freie Dienstvertrag stellt Arbeitskraft ohne Weisungsbindung bereit.",
    "topic": "Beschäftigungsverhältnisse"
  },
  {
    "id": "rf_31",
    "question_text": "Eine Aktiengesellschaft (AG) benötigt in Österreich ein Mindestgrundkapital von ___.",
    "type": "gap_fill",
    "correct_answer": "70.000 €",
    "explanation": "Das gesetzliche Mindestgrundkapital für eine AG in Österreich beträgt 70.000 Euro.",
    "topic": "Rechtsformen"
  },
  {
    "id": "rf_32",
    "question_text": "Welche der folgenden Aussagen zur Prokura ist FALSCH?",
    "type": "single_choice",
    "possible_answers": [
      "Sie muss im Firmenbuch eingetragen werden.",
      "Sie kann nur von einem im Firmenbuch eingetragenen Unternehmer erteilt werden.",
      "Sie berechtigt zum Verkauf des gesamten Unternehmens.",
      "Der Prokurist unterschreibt mit 'ppa.'"
    ],
    "correct_answer": "Sie berechtigt zum Verkauf des gesamten Unternehmens.",
    "explanation": "Die Prokura ist zwar sehr umfangreich, ermächtigt aber nicht zu sogenannten Grundlagengeschäften wie dem Verkauf des Unternehmens.",
    "topic": "Vollmachten"
  },
  {
    "id": "rf_33",
    "question_text": "Ein Exporteur liefert Ware, aber der Importeur zahlt nicht. Dieses Risiko nennt man ___.",
    "type": "gap_fill",
    "correct_answer": "Zahlungsausfallrisiko",
    "explanation": "Das Zahlungsausfallrisiko (oder Delkredererisiko) ist das Risiko, dass der Käufer die Rechnung nicht begleicht.",
    "topic": "Außenhandel"
  },
  {
    "id": "rf_34",
    "question_text": "Die Erhebung neuer, bisher unbekannter Daten am Markt nennt man Primärforschung.",
    "type": "true_false",
    "correct_answer": "true",
    "explanation": "Primärforschung (Field Research) umfasst Methoden wie Befragung, Beobachtung oder Experiment, um neue Daten zu gewinnen.",
    "topic": "Marktforschung"
  },
  {
    "id": "rf_35",
    "question_text": "Berechne die Wirtschaftlichkeit: Ertrag = 150.000 €, Aufwand = 120.000 €.",
    "type": "calculation",
    "correct_answer": "1.25",
    "explanation": "Wirtschaftlichkeit = Ertrag / Aufwand = 150.000 / 120.000 = 1,25. Ein Wert über 1 bedeutet, das Unternehmen arbeitet wirtschaftlich.",
    "topic": "Rechenbeispiele"
  },
  {
    "id": "rf_36",
    "question_text": "Was gehört zur Konditionenpolitik?",
    "type": "multiple_choice",
    "possible_answers": [
      "Gewährung von Rabatten",
      "Festlegung von Zahlungszielen",
      "Verpackungsdesign",
      "Garantiebestimmungen"
    ],
    "correct_answer": ["Gewährung von Rabatten", "Festlegung von Zahlungszielen", "Garantiebestimmungen"],
    "explanation": "Die Konditionenpolitik regelt alle Bedingungen rund um den Preis, wie Rabatte, Skonti, Liefer- und Zahlungsbedingungen sowie Garantien.",
    "topic": "Preispolitik"
  },
  {
    "id": "rf_37",
    "question_text": "Ein Unternehmen nimmt eine völlig neue Produktgruppe in sein Sortiment auf. Diesen Vorgang nennt man ___.",
    "type": "gap_fill",
    "correct_answer": "Diversifikation",
    "explanation": "Bei der Diversifikation erweitert ein Unternehmen sein Angebot um Produkte, die in keinem direkten Zusammenhang zum bisherigen Sortiment stehen.",
    "topic": "Produktpolitik"
  },
  {
    "id": "rf_38",
    "question_text": "Die Incoterm-Klausel 'FOB' steht für 'Free On Board' und wird hauptsächlich im See- und Binnenschiffsverkehr verwendet.",
    "type": "true_false",
    "correct_answer": "true",
    "explanation": "FOB ist eine klassische Klausel für den Schiffsverkehr, bei der die Gefahr auf den Käufer übergeht, sobald die Ware an Bord des Schiffes ist.",
    "topic": "Außenhandel"
  },
  {
    "id": "rf_39",
    "question_text": "Welches Organ ist bei einer AG für die Geschäftsführung zuständig?",
    "type": "single_choice",
    "possible_answers": [
      "Die Hauptversammlung",
      "Der Aufsichtsrat",
      "Der Vorstand",
      "Der Geschäftsführer"
    ],
    "correct_answer": "Der Vorstand",
    "explanation": "Die Leitung (Geschäftsführung) einer AG obliegt dem Vorstand. Der Aufsichtsrat bestellt und kontrolliert den Vorstand.",
    "topic": "Rechtsformen"
  },
  {
    "id": "rf_40",
    "question_text": "Die AIDAS-Formel beschreibt die Phasen der Werbewirkung. Wofür steht das 'D'?",
    "type": "single_choice",
    "possible_answers": [
      "Decision (Entscheidung)",
      "Desire (Wunsch)",
      "Distribution (Verteilung)",
      "Development (Entwicklung)"
    ],
    "correct_answer": "Desire (Wunsch)",
    "explanation": "AIDAS steht für Attention, Interest, Desire, Action, Satisfaction. Das 'D' steht für Desire, den Kaufwunsch.",
    "topic": "Marketing"
  },
  {
    "id": "rf_41",
    "question_text": "Ein Unternehmen kauft Rohstoffe in großen Mengen auf Lager, um von Mengenrabatten zu profitieren. Dies ist ein Beispiel für ___.",
    "type": "gap_fill",
    "correct_answer": "Vorratsbeschaffung",
    "explanation": "Bei der Vorratsbeschaffung werden größere Mengen auf einmal beschafft und gelagert, um günstige Einkaufspreise zu erzielen.",
    "topic": "Materialwirtschaft"
  },
  {
    "id": "rf_42",
    "question_text": "Was ist der Hauptnachteil der unbeschränkten Haftung?",
    "type": "open_text",
    "correct_answer": "Der Unternehmer haftet mit seinem gesamten Privatvermögen.",
    "explanation": "Bei der unbeschränkten Haftung ist das private Vermögen des Unternehmers nicht vor dem Zugriff der Gläubiger geschützt.",
    "topic": "Rechtsformen"
  },
  {
    "id": "rf_43",
    "question_text": "Welche dieser Aussagen beschreibt solidarische Haftung?",
    "type": "single_choice",
    "possible_answers": [
      "Jeder haftet nur für seinen eigenen Anteil.",
      "Ein Gläubiger kann sich aussuchen, von welchem Gesellschafter er die gesamte Schuld fordert.",
      "Die Haftung ist auf das Gesellschaftsvermögen beschränkt.",
      "Nur der Geschäftsführer haftet."
    ],
    "correct_answer": "Ein Gläubiger kann sich aussuchen, von welchem Gesellschafter er die gesamte Schuld fordert.",
    "explanation": "Solidarische Haftung (Gesamtschuldnerische Haftung) bedeutet, dass jeder Gesellschafter für die gesamten Schulden der Gesellschaft haftet.",
    "topic": "Rechtsformen"
  },
  {
    "id": "rf_44",
    "question_text": "Die Eintragung ins Firmenbuch ist für Kapitalgesellschaften verpflichtend.",
    "type": "true_false",
    "correct_answer": "true",
    "explanation": "Alle Kapitalgesellschaften (wie GmbH und AG) müssen zwingend ins Firmenbuch eingetragen werden, um rechtlich zu entstehen.",
    "topic": "Unternehmensgrundlagen"
  },
  {
    "id": "rf_45",
    "question_text": "Wie hoch ist die Mindestkörperschaftsteuer für eine GmbH pro Jahr in Österreich?",
    "type": "single_choice",
    "possible_answers": [
      "0 €",
      "500 €",
      "1.750 €",
      "3.500 €"
    ],
    "correct_answer": "500 €",
    "explanation": "Für eine GmbH beträgt die Mindest-KöSt 500 € pro Jahr (für Neugründungen in den ersten Jahren reduziert). 3.500 € gilt für eine AG.",
    "topic": "Steuern"
  },
  {
    "id": "rf_46",
    "question_text": "Ein freier Dienstnehmer ist persönlich abhängig und weisungsgebunden.",
    "type": "true_false",
    "correct_answer": "false",
    "explanation": "Ein freier Dienstnehmer ist gerade dadurch gekennzeichnet, dass er NICHT persönlich abhängig und weisungsgebunden ist.",
    "topic": "Beschäftigungsverhältnisse"
  },
  {
    "id": "rf_47",
    "question_text": "Welches Risiko minimiert die Incoterm-Klausel EXW (Ex Works) für den Verkäufer?",
    "type": "single_choice",
    "possible_answers": [
      "Zahlungsrisiko",
      "Produktionsrisiko",
      "Transportrisiko",
      "Annahmerisiko"
    ],
    "correct_answer": "Transportrisiko",
    "explanation": "Bei EXW (Ab Werk) stellt der Verkäufer die Ware nur auf seinem Gelände bereit. Alle Kosten und Risiken des Transports trägt der Käufer.",
    "topic": "Außenhandel"
  },
  {
    "id": "rf_48",
    "question_text": "Was versteht man unter dem Tausend-Kontakt-Preis (TKP) in der Werbung?",
    "type": "open_text",
    "correct_answer": "Die Kosten, um 1.000 Personen mit einer Werbebotschaft zu erreichen.",
    "explanation": "Der TKP ist eine wichtige Kennzahl zur Messung der Kosteneffizienz von Werbemaßnahmen.",
    "topic": "Marketing"
  },
  {
    "id": "rf_49",
    "question_text": "Die Veröffentlichung von Firmenbucheinträgen erfolgt auf der Plattform ___.",
    "type": "gap_fill",
    "correct_answer": "EVI",
    "explanation": "EVI steht für 'Elektronische Verlautbarungs- und Informationsplattform' des Bundes.",
    "topic": "Unternehmensgrundlagen"
  },
  {
    "id": "rf_50",
    "question_text": "Die GmbH & Co KG ist eine reine Personengesellschaft.",
    "type": "true_false",
    "correct_answer": "false",
    "explanation": "Die GmbH & Co KG ist eine Mischform. Sie ist eine Personengesellschaft (KG), bei der der unbeschränkt haftende Gesellschafter (Komplementär) eine Kapitalgesellschaft (GmbH) ist.",
    "topic": "Rechtsformen"
  }
]
Hier ist der nächste Block aus der laufenden Extraktion. Der Prozess geht nahtlos weiter, um alle Inhalte aus allen Dokumenten zu erfassen.

***

### **JSON-Fragenpool: Größtes Kapitel (Teil 3)**

```json
[
  {
    "id": "rf_51",
    "question_text": "Welches Gesetzbuch regelt hauptsächlich die unternehmensrechtlichen Grundlagen in Österreich?",
    "type": "single_choice",
    "possible_answers": ["BGB", "HGB", "UGB", "StGB"],
    "correct_answer": "UGB",
    "explanation": "Das Unternehmensgesetzbuch (UGB) ist die zentrale Rechtsquelle für das Unternehmensrecht in Österreich.",
    "topic": "Unternehmensgrundlagen"
  },
  {
    "id": "rf_52",
    "question_text": "Ein Irreführungsverbot bei der Firmenwahl bedeutet, dass der Name keine ___ Informationen enthalten darf.",
    "type": "gap_fill",
    "correct_answer": "falschen",
    "explanation": "Der Firmenname darf die Öffentlichkeit nicht über die Art oder den Umfang des Geschäfts täuschen.",
    "topic": "Unternehmensgrundlagen"
  },
  {
    "id": "rf_53",
    "question_text": "Eine Handlungsvollmacht ist umfangreicher als eine Prokura.",
    "type": "true_false",
    "correct_answer": "false",
    "explanation": "Die Prokura ist die umfangreichste unternehmerische Vollmacht. Die Handlungsvollmacht ist ihr untergeordnet und im Umfang beschränkt.",
    "topic": "Vollmachten"
  },
  {
    "id": "rf_54",
    "question_text": "Was ist die Hauptaufgabe eines Aufsichtsrats in einer AG?",
    "type": "single_choice",
    "possible_answers": [
      "Die tägliche Geschäftsführung",
      "Die Vertretung der Aktionäre auf der Hauptversammlung",
      "Die Bestellung und Überwachung des Vorstands",
      "Die Festlegung der Dividende"
    ],
    "correct_answer": "Die Bestellung und Überwachung des Vorstands",
    "explanation": "Der Aufsichtsrat ist das Kontrollorgan einer AG, das den Vorstand bestellt, überwacht und abberuft.",
    "topic": "Rechtsformen"
  },
  {
    "id": "rf_55",
    "question_text": "Ein Ferialjob ist rechtlich gesehen meistens ein ___.",
    "type": "gap_fill",
    "correct_answer": "echter Arbeitsvertrag",
    "explanation": "Auch bei einem Ferialjob liegt in der Regel ein echtes Arbeitsverhältnis mit Ansprüchen wie Urlaub und Entgeltfortzahlung im Krankheitsfall vor.",
    "topic": "Beschäftigungsverhältnisse"
  },
  {
    "id": "rf_56",
    "question_text": "Welches Risiko beschreibt die Gefahr, dass eine Ware nach der Produktion nicht abgenommen wird?",
    "type": "single_choice",
    "possible_answers": [
      "Transportrisiko",
      "Annahmerisiko",
      "Marktrisiko",
      "Produktionsrisiko"
    ],
    "correct_answer": "Annahmerisiko",
    "explanation": "Das Annahmerisiko besteht, wenn der Käufer die Annahme der vertragsgemäß gelieferten Ware verweigert.",
    "topic": "Außenhandel"
  },
  {
    "id": "rf_57",
    "question_text": "Public Relations (PR) richtet sich ausschließlich an externe Zielgruppen wie Kunden und die Öffentlichkeit.",
    "type": "true_false",
    "correct_answer": "false",
    "explanation": "Public Relations (Öffentlichkeitsarbeit) richtet sich sowohl an externe als auch an interne Stakeholder wie die eigenen Mitarbeiter.",
    "topic": "Marketing"
  },
  {
    "id": "rf_58",
    "question_text": "Ein Unternehmen mit hohem Materialverbrauch bei der Herstellung seiner Produkte wird als ___ bezeichnet.",
    "type": "gap_fill",
    "correct_answer": "materialintensiv",
    "explanation": "Materialintensive Unternehmen haben einen hohen Anteil an Materialkosten an den Gesamtkosten.",
    "topic": "Produktionskosten"
  },
  {
    "id": "rf_59",
    "question_text": "Was ist eine 'atypische stille Gesellschaft'?",
    "type": "open_text",
    "correct_answer": "Eine stille Gesellschaft, bei der der stille Gesellschafter über die reine Gewinnbeteiligung hinausgehende Rechte hat (z.B. Beteiligung am Firmenwert oder Leitungsbefugnisse).",
    "explanation": "Im Gegensatz zur typischen stillen Gesellschaft ist der atypische stille Gesellschafter unternehmerisch stärker eingebunden.",
    "topic": "Rechtsformen"
  },
  {
    "id": "rf_60",
    "question_text": "Eine Flexible Kapitalgesellschaft (FlexKapG/FlexCo) vereint Elemente aus ___ und ___.",
    "type": "gap_fill",
    "correct_answer": "GmbH und AG",
    "explanation": "Die FlexCo kombiniert die einfache Struktur einer GmbH mit der flexiblen Kapitalaufbringung einer AG.",
    "topic": "Rechtsformen"
  },
  {
    "id": "rf_61",
    "question_text": "Was ist ein Panel bei der Marktforschung?",
    "type": "single_choice",
    "possible_answers": [
      "Eine einmalige Gruppenbefragung",
      "Eine wiederholte Erhebung bei derselben Personengruppe über einen längeren Zeitraum",
      "Ein Test unter Laborbedingungen",
      "Die Analyse von Social-Media-Daten"
    ],
    "correct_answer": "Eine wiederholte Erhebung bei derselben Personengruppe über einen längeren Zeitraum",
    "explanation": "Eine Panelerhebung dient dazu, Entwicklungen und Veränderungen im Verhalten oder bei Meinungen zu beobachten.",
    "topic": "Marktforschung"
  },
  {
    "id": "rf_62",
    "question_text": "Die psychologische Preisstrategie nutzt oft Preise wie 9,99 € statt 10,00 €.",
    "type": "true_false",
    "correct_answer": "true",
    "explanation": "Solche Schwellenpreise sollen dem Kunden einen günstigeren Preis suggerieren.",
    "topic": "Preispolitik"
  },
  {
    "id": "rf_63",
    "question_text": "Wenn ein Unternehmen seine Produkte über Groß- und Einzelhändler an die Endkunden verkauft, spricht man von einem ___ Absatzweg.",
    "type": "gap_fill",
    "correct_answer": "indirekten",
    "explanation": "Beim indirekten Absatzweg sind ein oder mehrere Absatzmittler zwischen Hersteller und Endkunde geschaltet.",
    "topic": "Distributionspolitik"
  },
  {
    "id": "rf_64",
    "question_text": "Pönale sind Strafzahlungen bei Vertragsverletzungen, z.B. bei Lieferverzug.",
    "type": "true_false",
    "correct_answer": "true",
    "explanation": "Eine Pönale (Vertragsstrafe) ist eine im Voraus vereinbarte Geldsumme, die bei Nichteinhaltung einer vertraglichen Pflicht fällig wird.",
    "topic": "Außenhandel"
  },
  {
    "id": "rf_65",
    "question_text": "Wofür steht die Abkürzung 'ESt' im Kontext der Unternehmensbesteuerung?",
    "type": "single_choice",
    "possible_answers": [
      "Ertragssteuer",
      "Einkommensteuer",
      "Einheitssteuer",
      "Eigenkapitalsteuer"
    ],
    "correct_answer": "Einkommensteuer",
    "explanation": "ESt steht für Einkommensteuer. Gewinne von Personengesellschaften und Einzelunternehmen unterliegen der Einkommensteuer.",
    "topic": "Steuern"
  },
  {
    "id": "rf_66",
    "question_text": "Ein Verlag stellt den Druck von Lexika ein, da die Nachfrage durch Online-Angebote stark gesunken ist. Dies ist ein Beispiel für eine ___.",
    "type": "gap_fill",
    "correct_answer": "Produkteliminierung",
    "explanation": "Bei einer Produkteliminierung wird ein nicht mehr rentables Produkt aus dem Sortiment genommen.",
    "topic": "Produktpolitik"
  },
  {
    "id": "rf_67",
    "question_text": "Ordnen Sie die Vollmachten nach ihrem üblichen Umfang, beginnend mit der umfangreichsten.",
    "type": "sort",
    "order_fields": ["Handlungsvollmacht", "Prokura", "Generalvollmacht (i.V.)"],
    "correct_order": [1, 2, 0],
    "explanation": "Die Prokura ist die umfangreichste Vollmacht, gefolgt von der General-Handlungsvollmacht. Spezifische Handlungsvollmachten sind am stärksten eingeschränkt.",
    "topic": "Vollmachten"
  },
  {
    "id": "rf_68",
    "question_text": "Ein Unternehmen hat Erträge von 250.000 € und Aufwände von 200.000 €. Wie hoch ist der Gewinn?",
    "type": "calculation",
    "correct_answer": "50000",
    "explanation": "Gewinn = Erträge - Aufwände = 250.000 € - 200.000 € = 50.000 €.",
    "topic": "Rechenbeispiele"
  },
  {
    "id": "rf_69",
    "question_text": "Was ist der Zweck des Wettbewerbsverbots für einen OG-Gesellschafter?",
    "type": "open_text",
    "correct_answer": "Es soll verhindern, dass ein Gesellschafter der eigenen Gesellschaft Konkurrenz macht.",
    "explanation": "Ein Gesellschafter darf ohne Zustimmung der anderen nicht im selben Geschäftszweig tätig sein, um Interessenkonflikte zu vermeiden.",
    "topic": "Rechtsformen"
  },
  {
    "id": "rf_70",
    "question_text": "Franchising ist ein Beispiel für einen direkten Absatzweg.",
    "type": "true_false",
    "correct_answer": "false",
    "explanation": "Franchising ist eine Form des indirekten Vertriebs, da der Franchisenehmer ein rechtlich selbstständiger Unternehmer ist.",
    "topic": "Distributionspolitik"
  },
  {
    "id": "rf_71",
    "question_text": "Welches Dokument wird für zollrechtliche Zwecke vor der Lieferung ausgestellt, ohne eine Zahlungsverpflichtung auszulösen?",
    "type": "single_choice",
    "possible_answers": [
      "Handelsrechnung",
      "Pro-Forma-Rechnung",
      "Lieferschein",
      "Warenverkehrsbescheinigung"
    ],
    "correct_answer": "Pro-Forma-Rechnung",
    "explanation": "Die Pro-Forma-Rechnung dient hauptsächlich dazu, den Wert einer Ware für den Zoll zu deklarieren, stellt aber keine Zahlungsaufforderung dar.",
    "topic": "Außenhandel"
  },
  {
    "id": "rf_72",
    "question_text": "Ein Unternehmen zahlt für eine Online-Anzeige 200 € und erreicht damit 40.000 Personen. Wie hoch ist der TKP?",
    "type": "calculation",
    "correct_answer": "5",
    "explanation": "TKP = (Kosten / Reichweite) * 1000 = (200 € / 40.000) * 1000 = 5 €.",
    "topic": "Rechenbeispiele"
  },
  {
    "id": "rf_73",
    "question_text": "Die doppelte Buchführung ist für Kleinunternehmer immer verpflichtend.",
    "type": "true_false",
    "correct_answer": "false",
    "explanation": "Die Pflicht zur doppelten Buchführung hängt von der Rechtsform und/oder von Umsatzgrenzen ab. Viele Kleinunternehmer führen eine Einnahmen-Ausgaben-Rechnung.",
    "topic": "Buchführung"
  },
  {
    "id": "rf_74",
    "question_text": "Was versteht man unter der 'Portfolioanalyse' (z.B. BCG-Matrix)?",
    "type": "open_text",
    "correct_answer": "Ein Instrument zur Beurteilung der Produkte eines Unternehmens, um strategische Entscheidungen über Investitionen oder Desinvestitionen zu treffen.",
    "explanation": "Produkte werden oft nach Marktwachstum und relativem Marktanteil in Kategorien wie 'Stars', 'Cash Cows', 'Question Marks' und 'Poor Dogs' eingeteilt.",
    "topic": "Produktpolitik"
  },
  {
    "id": "rf_75",
    "question_text": "Rücklagen in einer GmbH oder AG dienen unter anderem zur Deckung von ___.",
    "type": "gap_fill",
    "correct_answer": "Verlusten",
    "explanation": "Gewinnrücklagen stärken das Eigenkapital und können verwendet werden, um zukünftige Verluste auszugleichen.",
    "topic": "Rechtsformen"
  }
]
```

