[
  {
    "id": "rf_01",
    "question_text": "Wer ist ein Unternehmer im Sinne des UGB?",
    "type": "single_choice",
    "possible_answers": ["Nur eine juristische Person", "Wer ein Unternehmen betreibt", "Nur wer im Firmenbuch steht", "Ausschließlich Freiberufler"],
    "correct_answer": "Wer ein Unternehmen betreibt",
    "explanation": "Ein Unternehmer ist, wer ein Unternehmen betreibt. Dies können natürliche oder juristische Personen sein.",
    "topic": "Unternehmensgrundlagen"
  },
  {
    "id": "rf_02",
    "question_text": "Woraus setzt sich ein Firmenname zusammen?",
    "type": "multiple_choice",
    "possible_answers": ["Firmenkern", "Firmenzusatz", "Firmenlogo", "Firmenadresse"],
    "correct_answer": ["Firmenkern", "Firmenzusatz"],
    "explanation": "Ein Firmenname besteht immer aus dem Firmenkern (z.B. Name oder Tätigkeit) und dem Firmenzusatz (Rechtsform, z.B. e.U., GmbH).",
    "topic": "Unternehmensgrundlagen"
  },
  {
    "id": "rf_03",
    "question_text": "Die Haftung beim Einzelunternehmen ist ___.",
    "type": "gap_fill",
    "correct_answer": "unbeschränkt",
    "explanation": "Der Inhaber eines Einzelunternehmens haftet unbeschränkt mit seinem gesamten Privat- und Betriebsvermögen.",
    "topic": "Rechtsformen"
  },
  {
    "id": "rf_04",
    "question_text": "Ordnen Sie die Haftung der richtigen Rechtsform zu.",
    "type": "matching",
    "options_left": ["Unbeschränkt & solidarisch", "Beschränkt auf Stammeinlage", "Komplementär unbeschränkt, Kommanditist beschränkt"],
    "options_right": ["GmbH", "KG", "OG"],
    "correct_matches": {"Unbeschränkt & solidarisch": "OG", "Beschränkt auf Stammeinlage": "GmbH", "Komplementär unbeschränkt, Kommanditist beschränkt": "KG"},
    "explanation": "OG: Alle Gesellschafter haften voll. KG: Haftung ist geteilt. GmbH: Haftung auf Gesellschaftsvermögen beschränkt.",
    "topic": "Rechtsformen"
  },
  {
    "id": "rf_05",
    "question_text": "Das Mindeststammkapital einer GmbH beträgt in Österreich 10.000 €.",
    "type": "true_false",
    "correct_answer": "true",
    "explanation": "Seit der GmbH-Reform beträgt das Mindeststammkapital 10.000 €, wovon die Hälfte (5.000 €) bar eingezahlt werden muss.",
    "topic": "Rechtsformen"
  },
  {
    "id": "rf_06",
    "question_text": "Ein Prokurist darf Grundstücke des Unternehmens verkaufen.",
    "type": "true_false",
    "correct_answer": "false",
    "explanation": "Ein Prokurist darf ohne besondere Ermächtigung keine Grundstücke veräußern oder belasten. Dies zählt zu den Grundlagengeschäften.",
    "topic": "Vollmachten"
  },
  {
    "id": "rf_07",
    "question_text": "Was ist der Hauptunterschied zwischen einem echten Arbeitsvertrag und einem Werkvertrag?",
    "type": "open_text",
    "correct_answer": "Beim Arbeitsvertrag wird die Arbeitskraft geschuldet, beim Werkvertrag ein bestimmter Erfolg oder ein Werk.",
    "explanation": "Der Arbeitsvertrag fokussiert auf die zur Verfügung gestellte Zeit und Arbeitsleistung, der Werkvertrag auf das fertige Ergebnis.",
    "topic": "Beschäftigungsverhältnisse"
  },
  {
    "id": "rf_08",
    "question_text": "Welches Risiko sichert ein Dokumentenakkreditiv für den Exporteur ab?",
    "type": "single_choice",
    "possible_answers": ["Transportrisiko", "Produktionsrisiko", "Zahlungsausfallrisiko", "Marktrisiko"],
    "correct_answer": "Zahlungsausfallrisiko",
    "explanation": "Das Dokumentenakkreditiv ist ein Zahlungsversprechen der Bank und sichert den Exporteur hauptsächlich gegen den Ausfall der Zahlung ab.",
    "topic": "Außenhandel"
  },
  {
    "id": "rf_09",
    "question_text": "Die vier Ps des Marketing-Mix sind: Produktpolitik, Preispolitik, ___ und Kommunikationspolitik.",
    "type": "gap_fill",
    "correct_answer": "Distributionspolitik",
    "explanation": "Die vier Ps sind Product (Produkt), Price (Preis), Place (Distribution) und Promotion (Kommunikation).",
    "topic": "Marketing"
  },
  {
    "id": "rf_10",
    "question_text": "Was ist der Zweck der Sekundärforschung?",
    "type": "single_choice",
    "possible_answers": ["Neue Daten durch Umfragen erheben", "Bestehende Datenquellen auswerten", "Experimente im Labor durchführen", "Kunden direkt beobachten"],
    "correct_answer": "Bestehende Datenquellen auswerten",
    "explanation": "Bei der Sekundärforschung (Desk Research) werden bereits vorhandene interne oder externe Daten analysiert.",
    "topic": "Marktforschung"
  },
  {
    "id": "rf_11",
    "question_text": "Ein Unternehmen senkt den Preis für ein neues Produkt stark, um schnell Marktanteile zu gewinnen. Wie nennt man diese Strategie?",
    "type": "single_choice",
    "possible_answers": ["Abschöpfungsstrategie", "Marktdurchdringungsstrategie", "Preisdifferenzierung", "Kalkulatorischer Ausgleich"],
    "correct_answer": "Marktdurchdringungsstrategie",
    "explanation": "Bei der Marktdurchdringungsstrategie wird mit einem niedrigen Einführungspreis versucht, schnell eine große Käuferschicht zu erreichen.",
    "topic": "Preispolitik"
  },
  {
    "id": "rf_12",
    "question_text": "Ordnen Sie die Phasen des Produktlebenszyklus in der richtigen Reihenfolge.",
    "type": "sort",
    "order_fields": ["Reifephase", "Einführungsphase", "Wachstumsphase", "Rückgangsphase"],
    "correct_order": [1, 2, 0, 3],
    "explanation": "Die korrekte Reihenfolge ist: 1. Einführung, 2. Wachstum, 3. Reife, 4. Rückgang.",
    "topic": "Produktpolitik"
  },
  {
    "id": "rf_13",
    "question_text": "Ein Unternehmen stellt Schrauben her. Die Kosten für Stahl sind ___.",
    "type": "single_choice",
    "possible_answers": ["Fixkosten", "Variable Kosten", "Indirekte Kosten", "Lagerkosten"],
    "correct_answer": "Variable Kosten",
    "explanation": "Materialkosten wie Stahl sind variable Kosten, da sie direkt von der Produktionsmenge abhängen.",
    "topic": "Kostenrechnung"
  },
  {
    "id": "rf_14",
    "question_text": "Berechnen Sie die Produktivität: 1.200 produzierte Einheiten bei 120 Arbeitsstunden.",
    "type": "calculation",
    "correct_answer": "10",
    "explanation": "Produktivität = Output / Input = 1.200 Einheiten / 120 Stunden = 10 Einheiten pro Stunde.",
    "topic": "Rechenbeispiele"
  },
  {
    "id": "rf_15",
    "question_text": "Just-in-Time-Beschaffung senkt die Lagerkosten.",
    "type": "true_false",
    "correct_answer": "true",
    "explanation": "Da bei der Just-in-Time-Beschaffung die Materialien erst bei Bedarf geliefert werden, fallen kaum Lagerkosten an.",
    "topic": "Materialwirtschaft"
  }
]
Verstanden. Die Extraktion und Aufbereitung der Fragen für das erste große Kapitel ist abgeschlossen. Ich setze den Prozess jetzt nahtlos fort und beginne mit der Extraktion des **nächsten Kapitels** aus deinen Unterlagen.

Die Inhalte zu Themen wie **Vollmachten (Prokura, Handlungsvollmacht)** und **Beschäftigungsverhältnisse (Arbeitsvertrag, Werkvertrag etc.)** werden nun in Quizfragen umgewandelt.

Hier ist der **erste große Block für das zweite Kapitel**:

***

### **JSON-Fragenpool: Kapitel 2 (Teil 1)**

```json
[
  {
    "id": "vm_01",
    "question_text": "Welche Vollmacht ist die umfangreichste im unternehmerischen Kontext?",
    "type": "single_choice",
    "possible_answers": ["Handlungsvollmacht", "Einzelvollmacht", "Prokura", "Artvollmacht"],
    "correct_answer": "Prokura",
    "explanation": "Die Prokura ist die umfangreichste, gesetzlich definierte Vollmacht, die ein Unternehmer erteilen kann.",
    "topic": "Vollmachten"
  },
  {
    "id": "vm_02",
    "question_text": "Ein Prokurist unterschreibt mit dem Zusatz 'i.V.' (in Vertretung).",
    "type": "true_false",
    "correct_answer": "false",
    "explanation": "Ein Prokurist unterschreibt mit 'ppa.' (per procura autoritate). Der Zusatz 'i.V.' wird bei Handlungsvollmachten verwendet.",
    "topic": "Vollmachten"
  },
  {
    "id": "vm_03",
    "question_text": "Was ist das Hauptmerkmal eines echten Arbeitsvertrages?",
    "type": "open_text",
    "correct_answer": "Die persönliche und wirtschaftliche Abhängigkeit des Arbeitnehmers vom Arbeitgeber.",
    "explanation": "Merkmale sind Weisungsgebundenheit, Einbindung in die betriebliche Organisation und das Fehlen eines eigenen unternehmerischen Risikos.",
    "topic": "Beschäftigungsverhältnisse"
  },
  {
    "id": "vm_04",
    "question_text": "Ordnen Sie die Merkmale dem korrekten Vertragstyp zu.",
    "type": "matching",
    "options_left": ["Schuldet einen bestimmten Erfolg/Werk", "Schuldet persönliche Arbeitskraft, ist weisungsgebunden", "Stellt Arbeitskraft zur Verfügung, ist aber nicht weisungsgebunden"],
    "options_right": ["Echter Arbeitsvertrag", "Werkvertrag", "Freier Dienstvertrag"],
    "correct_matches": {
      "Schuldet einen bestimmten Erfolg/Werk": "Werkvertrag",
      "Schuldet persönliche Arbeitskraft, ist weisungsgebunden": "Echter Arbeitsvertrag",
      "Stellt Arbeitskraft zur Verfügung, ist aber nicht weisungsgebunden": "Freier Dienstvertrag"
    },
    "explanation": "Der Werkvertrag zielt auf ein Ergebnis, der Arbeitsvertrag auf die Arbeitsleistung in Abhängigkeit und der freie Dienstvertrag auf die Dienstleistung ohne Abhängigkeit.",
    "topic": "Beschäftigungsverhältnisse"
  },
  {
    "id": "vm_05",
    "question_text": "Wer meldet einen Arbeitnehmer im echten Arbeitsverhältnis zur Sozialversicherung an?",
    "type": "single_choice",
    "possible_answers": ["Der Arbeitnehmer selbst", "Das Finanzamt", "Der Arbeitgeber", "Die Gewerkschaft"],
    "correct_answer": "Der Arbeitgeber",
    "explanation": "Der Arbeitgeber ist gesetzlich verpflichtet, den Arbeitnehmer bei der zuständigen Gebietskrankenkasse (ÖGK) anzumelden und die Beiträge abzuführen.",
    "topic": "Beschäftigungsverhältnisse"
  },
  {
    "id": "vm_06",
    "question_text": "Die ___ kann nur von einem im Firmenbuch eingetragenen Unternehmer erteilt werden.",
    "type": "gap_fill",
    "correct_answer": "Prokura",
    "explanation": "Die Erteilung der Prokura ist an die Kaufmannseigenschaft bzw. die Eintragung im Firmenbuch gebunden.",
    "topic": "Vollmachten"
  },
  {
    "id": "vm_07",
    "question_text": "Ein Werkvertragsnehmer trägt in der Regel das wirtschaftliche Risiko selbst.",
    "type": "true_false",
    "correct_answer": "true",
    "explanation": "Im Gegensatz zum Arbeitnehmer arbeitet der Werkvertragsnehmer auf eigene Rechnung und Gefahr.",
    "topic": "Beschäftigungsverhältnisse"
  },
  {
    "id": "vm_08",
    "question_text": "Welche Art der Handlungsvollmacht ermächtigt zu allen Geschäften, die ein bestimmter Geschäftsbereich mit sich bringt?",
    "type": "single_choice",
    "possible_answers": ["Generalvollmacht", "Einzelvollmacht", "Artvollmacht", "Spezialvollmacht"],
    "correct_answer": "Artvollmacht",
    "explanation": "Die Artvollmacht bezieht sich auf eine bestimmte Art von Geschäften (z.B. Kassierer, Einkäufer).",
    "topic": "Vollmachten"
  },
  {
    "id": "vm_09",
    "question_text": "Ein freier Dienstnehmer hat Anspruch auf bezahlten Urlaub und Sonderzahlungen (Urlaubs-/Weihnachtsgeld).",
    "type": "true_false",
    "correct_answer": "false",
    "explanation": "Diese Ansprüche sind typische Merkmale eines echten Arbeitsverhältnisses. Freie Dienstnehmer haben darauf keinen gesetzlichen Anspruch.",
    "topic": "Beschäftigungsverhältnisse"
  },
  {
    "id": "vm_10",
    "question_text": "Wann erlischt eine Prokura?",
    "type": "multiple_choice",
    "possible_answers": ["Bei Widerruf durch den Unternehmer", "Durch den Tod des Prokuristen", "Bei Konkurs des Unternehmens", "Durch den Verkauf einer einzelnen Filiale"],
    "correct_answer": ["Bei Widerruf durch den Unternehmer", "Durch den Tod des Prokuristen", "Bei Konkurs des Unternehmens"],
    "explanation": "Die Prokura erlischt durch Widerruf, Tod des Prokuristen, Insolvenz des Unternehmens oder Kündigung des zugrundeliegenden Dienstverhältnisses.",
    "topic": "Vollmachten"
  },
  {
    "id": "vm_11",
    "question_text": "Was ist ein wesentliches Merkmal eines freien Dienstvertrags?",
    "type": "open_text",
    "correct_answer": "Der Dienstnehmer ist nicht in die Organisation des Auftraggebers eingegliedert und kann sich meist vertreten lassen.",
    "explanation": "Fehlende persönliche Abhängigkeit, keine fixen Arbeitszeiten oder Arbeitsorte sind kennzeichnend für einen freien Dienstvertrag.",
    "topic": "Beschäftigungsverhältnisse"
  },
  {
    "id": "vm_12",
    "question_text": "Die Prokura berechtigt den Prokuristen zu allen ___ und ___ Geschäften und Rechtshandlungen, die der Betrieb irgendeines Unternehmens mit sich bringt.",
    "type": "gap_fill",
    "correct_answer": "gerichtlichen und außergerichtlichen",
    "explanation": "Der Umfang der Prokura ist gesetzlich festgelegt und sehr weitreichend.",
    "topic": "Vollmachten"
  },
  {
    "id": "vm_13",
    "question_text": "Wer ist für die Abfuhr der Sozialversicherungsbeiträge und der Lohnsteuer bei einem Werkvertrag zuständig?",
    "type": "single_choice",
    "possible_answers": ["Der Auftraggeber", "Der Werkvertragsnehmer selbst", "Die ÖGK", "Das Finanzamt"],
    "correct_answer": "Der Werkvertragsnehmer selbst",
    "explanation": "Als Selbstständiger ist der Werkvertragsnehmer für seine Versteuerung (Einkommensteuer) und Sozialversicherung (SVS) selbst verantwortlich.",
    "topic": "Beschäftigungsverhältnisse"
  },
  {
    "id": "vm_14",
    "question_text": "Eine Filialprokura beschränkt die Vertretungsmacht auf eine bestimmte Niederlassung.",
    "type": "true_false",
    "correct_answer": "true",
    "explanation": "Die Filialprokura ist eine im Firmenbuch eingetragene Beschränkung der Prokura auf den Betrieb einer einzelnen Filiale.",
    "topic": "Vollmachten"
  },
  {
    "id": "vm_15",
    "question_text": "Welcher Vertragstyp liegt vor, wenn ein Grafiker beauftragt wird, ein Logo für ein Unternehmen zu erstellen?",
    "type": "single_choice",
    "possible_answers": ["Echter Arbeitsvertrag", "Freier Dienstvertrag", "Werkvertrag", "Leihvertrag"],
    "correct_answer": "Werkvertrag",
    "explanation": "Hier wird ein bestimmter Erfolg, nämlich die Erstellung des Logos, geschuldet. Daher handelt es sich um einen Werkvertrag.",
    "topic": "Beschäftigungsverhältnisse"
  }
]
[
  {
    "id": "mk_01",
    "question_text": "Was ist das Hauptziel des Marketings?",
    "type": "single_choice",
    "possible_answers": [
      "Nur die Produktion von Gütern",
      "Die Bedürfnisse der Zielgruppen zu erfüllen und das Unternehmen erfolgreich zu machen",
      "Die Verwaltung der Finanzen",
      "Die Einhaltung rechtlicher Vorschriften"
    ],
    "correct_answer": "Die Bedürfnisse der Zielgruppen zu erfüllen und das Unternehmen erfolgreich zu machen",
    "explanation": "Marketing stellt den Kunden in den Mittelpunkt, um dessen Bedürfnisse zu erfüllen und dadurch den Unternehmenserfolg zu sichern.",
    "topic": "Marketing Grundlagen"
  },
  {
    "id": "mk_02",
    "question_text": "Was versteht man unter Marktsegmentierung?",
    "type": "open_text",
    "correct_answer": "Die Aufteilung eines Gesamtmarktes in homogene Teilmärkte (Segmente).",
    "explanation": "Die Aufteilung erfolgt nach Kriterien wie Demografie, Geografie oder Verhalten, um Zielgruppen genauer ansprechen zu können.",
    "topic": "Marktforschung"
  },
  {
    "id": "mk_03",
    "question_text": "Die 4 Ps des Marketing-Mix umfassen Produkt-, Preis-, Distributions- und ___.",
    "type": "gap_fill",
    "correct_answer": "Kommunikationspolitik",
    "explanation": "Im Englischen: Product, Price, Place, Promotion.",
    "topic": "Marketinginstrumente"
  },
  {
    "id": "mk_04",
    "question_text": "Die Analyse von bereits vorhandenen, unternehmensinternen Verkaufsstatistiken ist ein Beispiel für Primärforschung.",
    "type": "true_false",
    "correct_answer": "false",
    "explanation": "Das ist ein Beispiel für Sekundärforschung (Desk Research), da auf bereits bestehende Daten zurückgegriffen wird.",
    "topic": "Marktforschung"
  },
  {
    "id": "mk_05",
    "question_text": "Ordnen Sie die Methoden der richtigen Marktforschungsart zu.",
    "type": "matching",
    "options_left": ["Befragung von Kunden", "Analyse von Branchenberichten", "Ein Experiment im Supermarkt"],
    "options_right": ["Primärforschung", "Sekundärforschung"],
    "correct_matches": {
      "Befragung von Kunden": "Primärforschung",
      "Analyse von Branchenberichten": "Sekundärforschung",
      "Ein Experiment im Supermarkt": "Primärforschung"
    },
    "explanation": "Primärforschung erhebt neue Daten, Sekundärforschung wertet bestehende Daten aus.",
    "topic": "Marktforschung"
  },
  {
    "id": "mk_06",
    "question_text": "Wofür steht die Abkürzung USP?",
    "type": "single_choice",
    "possible_answers": [
      "Unique Sales Price",
      "Unique Selling Proposition",
      "Universal Service Provider",
      "Under Sale Pressure"
    ],
    "correct_answer": "Unique Selling Proposition",
    "explanation": "USP bezeichnet das einzigartige Verkaufsversprechen oder Alleinstellungsmerkmal eines Produkts.",
    "topic": "Produktpolitik"
  },
  {
    "id": "mk_07",
    "question_text": "Die Entwicklung eines komplett neuen Produkts für das Sortiment nennt man ___.",
    "type": "gap_fill",
    "correct_answer": "Produktinnovation",
    "explanation": "Eine Produktinnovation ist die Einführung eines neuen oder wesentlich verbesserten Produkts.",
    "topic": "Produktpolitik"
  },
  {
    "id": "mk_08",
    "question_text": "Welche Phase des Produktlebenszyklus ist durch den höchsten Umsatz gekennzeichnet?",
    "type": "single_choice",
    "possible_answers": [
      "Einführungsphase",
      "Wachstumsphase",
      "Reifephase",
      "Rückgangsphase"
    ],
    "correct_answer": "Reifephase",
    "explanation": "In der Reifephase erreicht der Umsatz seinen Höhepunkt, bevor er in der Sättigungsphase zu sinken beginnt.",
    "topic": "Produktpolitik"
  },
  {
    "id": "mk_09",
    "question_text": "Eine versteckte Preiserhöhung liegt vor, wenn bei gleichem Preis die Inhaltsmenge reduziert wird.",
    "type": "true_false",
    "correct_answer": "true",
    "explanation": "Dieses Phänomen wird auch als 'Shrinkflation' bezeichnet.",
    "topic": "Preispolitik"
  },
  {
    "id": "mk_10",
    "question_text": "Was ist das Hauptziel der Kommunikationspolitik?",
    "type": "open_text",
    "correct_answer": "Die gezielte Beeinflussung von Wissen, Einstellungen und Verhalten der Zielgruppen zur Erreichung der Marketingziele.",
    "explanation": "Instrumente sind z.B. Werbung, PR, Verkaufsförderung und Sponsoring.",
    "topic": "Kommunikationspolitik"
  },
  {
    "id": "mk_11",
    "question_text": "Welches der folgenden Instrumente gehört NICHT zur Kommunikationspolitik?",
    "type": "single_choice",
    "possible_answers": [
      "Werbung",
      "Public Relations",
      "Franchising",
      "Sponsoring"
    ],
    "correct_answer": "Franchising",
    "explanation": "Franchising ist eine Methode der Distributionspolitik, also des Vertriebs.",
    "topic": "Marketinginstrumente"
  },
  {
    "id": "mk_12",
    "question_text": "Die Materialwirtschaft befasst sich in einem Produktionsbetrieb mit der Beschaffung von ___.",
    "type": "multiple_choice",
    "possible_answers": [
      "Rohstoffen",
      "Hilfsstoffen",
      "Betriebsstoffen",
      "Fertigen Handelswaren"
    ],
    "correct_answer": ["Rohstoffen", "Hilfsstoffen", "Betriebsstoffen"],
    "explanation": "Die Materialwirtschaft sichert die Versorgung der Produktion mit allen nötigen Materialien. Handelswaren fallen in die Warenwirtschaft eines Handelsbetriebs.",
    "topic": "Materialwirtschaft"
  },
  {
    "id": "mk_13",
    "question_text": "Ein Zielkonflikt in der Warenwirtschaft besteht zwischen niedrigen ___ und hoher Lieferbereitschaft.",
    "type": "gap_fill",
    "correct_answer": "Lagerkosten",
    "explanation": "Hohe Lagerbestände sichern die Lieferbereitschaft, verursachen aber hohe Kosten. Niedrige Bestände senken die Kosten, erhöhen aber das Risiko von Lieferengpässen.",
    "topic": "Materialwirtschaft"
  },
  {
    "id": "mk_14",
    "question_text": "Die Formel der AIDAS-Werbewirkung lautet: Attention, Interest, ___, Action, Satisfaction.",
    "type": "gap_fill",
    "correct_answer": "Desire",
    "explanation": "Nachdem Interesse geweckt wurde, soll der Wunsch (Desire) nach dem Produkt entstehen, der zur Handlung (Action) führt.",
    "topic": "Kommunikationspolitik"
  },
  {
    "id": "mk_15",
    "question_text": "Ein Unternehmen, das sich in der Öffentlichkeit als besonders umweltfreundlich darstellt, obwohl es das kaum ist, betreibt ___.",
    "type": "gap_fill",
    "correct_answer": "Greenwashing",
    "explanation": "Greenwashing ist der Versuch, durch Marketing- und PR-Maßnahmen ein 'grünes' Image zu erlangen, ohne dass es dafür eine ausreichende Grundlage gibt.",
    "topic": "Marketingethik"
  }
]
Verstanden. Die Extraktion der vorherigen Kapitel ist abgeschlossen. Ich habe das nächste unbearbeitete Kapitel/Dokument in deinen Unterlagen automatisch identifiziert und beginne jetzt mit dessen vollständiger Extraktion.

Die Inhalte zum verbleibenden Themenbereich, voraussichtlich **Leistungserstellung, Kennzahlen und nachhaltige Produktion**, werden nun in Quizfragen umgewandelt.

Hier ist der **erste große Block für das vierte und letzte Einzelkapitel**:

***

### **JSON-Fragenpool: Kapitel 4 (Teil 1)**

```json
[
  {
    "id": "le_01",
    "question_text": "Welche beiden Hauptfaktoren werden für die betriebliche Leistungserstellung benötigt?",
    "type": "multiple_choice",
    "possible_answers": [
      "Menschliche Arbeitsleistung",
      "Betriebsvermögen",
      "Staatliche Subventionen",
      "Werbekampagnen"
    ],
    "correct_answer": ["Menschliche Arbeitsleistung", "Betriebsvermögen"],
    "explanation": "Die Leistungserstellung basiert auf dem kombinierten Einsatz von menschlicher Arbeit und dem Betriebsvermögen (Maschinen, Anlagen, etc.).",
    "topic": "Leistungserstellung"
  },
  {
    "id": "le_02",
    "question_text": "Die Kennzahl, die das Verhältnis von Ertrag zu Aufwand misst, nennt sich ___.",
    "type": "gap_fill",
    "correct_answer": "Wirtschaftlichkeit",
    "explanation": "Wirtschaftlichkeit = Ertrag / Aufwand. Ein Wert > 1 bedeutet, dass das Unternehmen wirtschaftlich arbeitet.",
    "topic": "Kennzahlen"
  },
  {
    "id": "le_03",
    "question_text": "Was misst die Kennzahl 'Produktivität'?",
    "type": "open_text",
    "correct_answer": "Das Mengenverhältnis zwischen Output (Ausbringungsmenge) und Input (Einsatzmenge).",
    "explanation": "Die Produktivität misst die reine Mengeneffizienz, z.B. Stück pro Stunde, unabhängig von Preisen oder Kosten.",
    "topic": "Kennzahlen"
  },
  {
    "id": "le_04",
    "question_text": "Ordnen Sie die Kostenarten den richtigen Beispielen zu.",
    "type": "matching",
    "options_left": ["Kosten für Rohstoffe", "Miete für die Produktionshalle", "Gehälter der Verwaltung"],
    "options_right": ["Produktionskosten", "Indirekte Kosten", "Fixkosten"],
    "correct_matches": {
      "Kosten für Rohstoffe": "Produktionskosten",
      "Miete für die Produktionshalle": "Fixkosten",
      "Gehälter der Verwaltung": "Indirekte Kosten"
    },
    "explanation": "Produktionskosten sind direkt der Herstellung zuzuordnen. Fixkosten fallen unabhängig von der Produktionsmenge an. Indirekte Kosten können nicht direkt einem Produkt zugeordnet werden.",
    "topic": "Kostenarten"
  },
  {
    "id": "le_05",
    "question_text": "Die Kennzahl, die angibt, wie viele der gelieferten Bestellungen pünktlich waren, ist die ___.",
    "type": "gap_fill",
    "correct_answer": "Termintreue",
    "explanation": "Die Termintreue ist ein wichtiger Indikator für die Lieferqualität und die Kundenzufriedenheit.",
    "topic": "Kundenzufriedenheit"
  },
  {
    "id": "le_06",
    "question_text": "Nachhaltigkeit in der Leistungserstellung bedeutet, Ressourcen so einzusetzen, dass auch zukünftige Generationen ihre Bedürfnisse befriedigen können.",
    "type": "true_false",
    "correct_answer": "true",
    "explanation": "Dies ist die Kerndefinition der Nachhaltigkeit nach dem Brundtland-Bericht.",
    "topic": "Nachhaltigkeit"
  },
  {
    "id": "le_07",
    "question_text": "Was versteht man unter Unternehmensethik?",
    "type": "open_text",
    "correct_answer": "Die Auseinandersetzung mit moralischen Wertvorstellungen und Verhaltensregeln, die ein Unternehmen vertreten und einhalten sollte.",
    "explanation": "Unternehmensethik befasst sich mit der gesellschaftlichen Verantwortung und dem moralischen Handeln von Unternehmen.",
    "topic": "Unternehmensethik"
  },
  {
    "id": "le_08",
    "question_text": "Berechnen Sie die Rentabilität des Eigenkapitals: Gewinn = 20.000 €, Eigenkapital = 200.000 €.",
    "type": "calculation",
    "correct_answer": "10",
    "explanation": "Rentabilität = (Gewinn / Eigenkapital) * 100 = (20.000 / 200.000) * 100 = 10%.",
    "topic": "Rechenbeispiele"
  },
  {
    "id": "le_09",
    "question_text": "Welche der folgenden Maßnahmen dient direkt der Steigerung der Produktqualität?",
    "type": "single_choice",
    "possible_answers": [
      "Verkürzung der Lieferzeit",
      "Reduzierung der Fehlerquote in der Produktion",
      "Erhöhung des Werbebudgets",
      "Anbieten von mehr Rabatten"
    ],
    "correct_answer": "Reduzierung der Fehlerquote in der Produktion",
    "explanation": "Die Produktqualität wird direkt durch die Anzahl der fehlerfreien Produkte im Verhältnis zur Gesamtmenge gemessen.",
    "topic": "Qualität"
  },
  {
    "id": "le_10",
    "question_text": "Die Kosten für den Transport von Waren vom Lieferanten zum Betrieb zählen zu den ___.",
    "type": "gap_fill",
    "correct_answer": "Transportkosten",
    "explanation": "Transportkosten umfassen alle Kosten für die Beförderung von Gütern, sowohl extern als auch intern.",
    "topic": "Kostenarten"
  },
  {
    "id": "le_11",
    "question_text": "Ein Unternehmen, das sehr flexibel auf Sonderwünsche von Kunden eingeht, hat eine hohe Flexibilität.",
    "type": "true_false",
    "correct_answer": "true",
    "explanation": "Die Flexibilität misst, inwieweit ein Unternehmen in der Lage ist, individuelle Kundenwünsche zu erfüllen.",
    "topic": "Kundenzufriedenheit"
  },
  {
    "id": "le_12",
    "question_text": "Arbeitsintensive Leistungserstellung bedeutet, dass der Anteil der ___ an den Gesamtkosten sehr hoch ist.",
    "type": "gap_fill",
    "correct_answer": "Personalkosten",
    "explanation": "Bei arbeitsintensiven Prozessen dominieren die Lohn- und Gehaltskosten, z.B. bei Dienstleistungen.",
    "topic": "Produktionskosten"
  },
  {
    "id": "le_13",
    "question_text": "Welche der folgenden Kennzahlen ist am besten geeignet, um den finanziellen Erfolg eines Unternehmens im Verhältnis zum eingesetzten Kapital zu messen?",
    "type": "single_choice",
    "possible_answers": ["Produktivität", "Wirtschaftlichkeit", "Rentabilität", "Termintreue"],
    "correct_answer": "Rentabilität",
    "explanation": "Die Rentabilität (z.B. Eigenkapitalrentabilität) setzt den Gewinn ins Verhältnis zum Kapital und misst so den finanziellen Erfolg der Investition.",
    "topic": "Kennzahlen"
  },
  {
    "id": "le_14",
    "question_text": "Die Kosten für die Miete eines Lagers sind typischerweise variable Kosten.",
    "type": "true_false",
    "correct_answer": "false",
    "explanation": "Mietkosten sind Fixkosten, da sie unabhängig von der eingelagerten Menge oder der Produktionsmenge anfallen.",
    "topic": "Kostenarten"
  },
  {
    "id": "le_15",
    "question_text": "Was ist das Ziel der Beschaffungsmarktforschung?",
    "type": "open_text",
    "correct_answer": "Informationen über Beschaffungsmärkte und Lieferanten zu sammeln und zu analysieren.",
    "explanation": "Sie dient dazu, die besten Lieferanten, Materialien und Konditionen für die Beschaffung zu finden.",
    "topic": "Beschaffungsmarketing"
  }
]
[
  {
    "id": "rf_16",
    "question_text": "Die Abkürzung 'ppa.' unter einer Unterschrift steht für ___.",
    "type": "gap_fill",
    "correct_answer": "per procura",
    "explanation": "ppa. (per procura autoritate) ist die Kennzeichnung für die Unterschrift eines Prokuristen.",
    "topic": "Vollmachten"
  },
  {
    "id": "rf_17",
    "question_text": "Was ist der Hauptzweck einer Genossenschaft?",
    "type": "single_choice",
    "possible_answers": ["Maximierung des Gewinns für Aktionäre", "Förderung der Mitglieder", "Geheimhaltung der Gesellschafter", "Minimierung der Haftung"],
    "correct_answer": "Förderung der Mitglieder",
    "explanation": "Eine Genossenschaft (Gen) hat primär das Ziel, den Erwerb oder die Wirtschaft ihrer Mitglieder zu fördern.",
    "topic": "Rechtsformen"
  },
  {
    "id": "rf_18",
    "question_text": "Welches Dokument ist ein Wertpapier und berechtigt zur Abholung der Ware im Seehafen?",
    "type": "single_choice",
    "possible_answers": ["CMR-Frachtbrief", "Ursprungszeugnis", "Handelsrechnung", "Konnossement (Bill of Lading)"],
    "correct_answer": "Konnossement (Bill of Lading)",
    "explanation": "Das Konnossement ist ein Traditionspapier, das den Anspruch auf die Ware im Zielhafen verbrieft.",
    "topic": "Außenhandel"
  },
  {
    "id": "rf_19",
    "question_text": "Die SWOT-Analyse ist ein Instrument der ___.",
    "type": "gap_fill",
    "correct_answer": "Marktanalyse",
    "explanation": "Die SWOT-Analyse (Strengths, Weaknesses, Opportunities, Threats) ist ein strategisches Planungsinstrument, das oft in der Marktanalyse verwendet wird.",
    "topic": "Marketing"
  },
  {
    "id": "rf_20",
    "question_text": "Was beschreibt 'Greenwashing'?",
    "type": "open_text",
    "correct_answer": "Ein Unternehmen gibt sich umweltfreundlicher, als es tatsächlich ist.",
    "explanation": "Greenwashing ist eine PR-Methode, bei der Unternehmen durch gezielte Desinformation ein umweltfreundliches und verantwortungsbewusstes Image vortäuschen.",
    "topic": "Marketingethik"
  },
  {
    "id": "rf_21",
    "question_text": "Ein Kommanditist haftet in der Regel...",
    "type": "single_choice",
    "possible_answers": ["unbeschränkt.", "nur mit seiner Einlage.", "gar nicht.", "solidarisch mit allen anderen."],
    "correct_answer": "nur mit seiner Einlage.",
    "explanation": "Der Kommanditist (Teilhafter) einer KG haftet nur bis zur Höhe seiner im Firmenbuch eingetragenen Haftsumme (Einlage).",
    "topic": "Rechtsformen"
  },
  {
    "id": "rf_22",
    "question_text": "Berechne die Eigenkapitalrentabilität: Gewinn = 50.000 €, Eigenkapital = 500.000 €.",
    "type": "calculation",
    "correct_answer": "10",
    "explanation": "Eigenkapitalrentabilität = (Gewinn / Eigenkapital) * 100 = (50.000 / 500.000) * 100 = 10%.",
    "topic": "Rechenbeispiele"
  },
  {
    "id": "rf_23",
    "question_text": "Welche Incoterm-Klausel bedeutet, dass der Verkäufer die Ware am benannten Bestimmungsort entladebereit zur Verfügung stellt?",
    "type": "single_choice",
    "possible_answers": ["EXW", "FOB", "CIF", "DPU"],
    "correct_answer": "DPU",
    "explanation": "DPU (Delivered at Place Unloaded) bedeutet, dass der Verkäufer das Risiko und die Kosten bis zum Entladen am Bestimmungsort trägt.",
    "topic": "Außenhandel"
  },
  {
    "id": "rf_24",
    "question_text": "Zu welcher Phase des Produktlebenszyklus passt ein Relaunch am besten?",
    "type": "single_choice",
    "possible_answers": ["Einführungsphase", "Wachstumsphase", "Reife- oder Sättigungsphase", "Rückgangsphase"],
    "correct_answer": "Reife- oder Sättigungsphase",
    "explanation": "Ein Relaunch (Produktüberarbeitung) wird meist in der Reife- oder Sättigungsphase durchgeführt, um den Lebenszyklus zu verlängern.",
    "topic": "Produktpolitik"
  },
  {
    "id": "rf_25",
    "question_text": "Eine Arbeitsgemeinschaft von zwei Bauunternehmen für ein großes Projekt ist typischerweise eine ___.",
    "type": "gap_fill",
    "correct_answer": "GesbR",
    "explanation": "Eine Gesellschaft bürgerlichen Rechts (GesbR) wird oft für zeitlich begrenzte Projekte oder Arbeitsgemeinschaften (ARGE) gegründet.",
    "topic": "Rechtsformen"
  }
]
[
  {
    "id": "rf_26",
    "question_text": "Welche Art von Firma ist 'Huber & Söhne OG'?",
    "type": "single_choice",
    "possible_answers": ["Sachfirma", "Personenfirma", "Fantasiefirma", "Gemischte Firma"],
    "correct_answer": "Personenfirma",
    "explanation": "Eine Personenfirma enthält den Namen eines oder mehrerer Gesellschafter.",
    "topic": "Unternehmensgrundlagen"
  },
  {
    "id": "rf_27",
    "question_text": "Ein stiller Gesellschafter scheint nach außen nicht auf und wird nicht im ___ eingetragen.",
    "type": "gap_fill",
    "correct_answer": "Firmenbuch",
    "explanation": "Die stille Gesellschaft ist eine reine Innengesellschaft, die Beteiligung ist nach außen nicht ersichtlich.",
    "topic": "Rechtsformen"
  },
  {
    "id": "rf_28",
    "question_text": "Welche der folgenden Tätigkeiten ist eine typische Aufgabe der Distributionspolitik?",
    "type": "single_choice",
    "possible_answers": ["Eine Werbekampagne gestalten", "Einen neuen Produktpreis festlegen", "Einen Online-Shop einrichten", "Eine Rabattaktion planen"],
    "correct_answer": "Einen Online-Shop einrichten",
    "explanation": "Die Distributionspolitik (Place) befasst sich mit den Wegen, wie das Produkt zum Kunden gelangt, z.B. über Filialen, Händler oder einen Online-Shop.",
    "topic": "Marketing"
  },
  {
    "id": "rf_29",
    "question_text": "Was ist der Hauptvorteil einer dezentralen Beschaffung?",
    "type": "single_choice",
    "possible_answers": ["Bessere Mengenrabatte", "Schnellere Reaktion auf spezifische Bedarfe", "Geringerer Verwaltungsaufwand", "Bessere Übersicht über alle Einkäufe"],
    "correct_answer": "Schnellere Reaktion auf spezifische Bedarfe",
    "explanation": "Bei der dezentralen Beschaffung können Abteilungen schneller und flexibler auf ihren eigenen, spezifischen Bedarf reagieren.",
    "topic": "Materialwirtschaft"
  },
  {
    "id": "rf_30",
    "question_text": "Ordnen Sie die Begriffe dem richtigen Vertragstyp zu.",
    "type": "matching",
    "options_left": ["Persönliche Abhängigkeit", "Herstellung eines Werks", "Arbeitskraft zur Verfügung stellen ohne Weisungsbindung"],
    "options_right": ["Werkvertrag", "Freier Dienstvertrag", "Echter Arbeitsvertrag"],
    "correct_matches": {"Persönliche Abhängigkeit": "Echter Arbeitsvertrag", "Herstellung eines Werks": "Werkvertrag", "Arbeitskraft zur Verfügung stellen ohne Weisungsbindung": "Freier Dienstvertrag"},
    "explanation": "Die persönliche Abhängigkeit ist das Kernmerkmal des echten Arbeitsvertrags, der Werkvertrag zielt auf ein Ergebnis ab und der freie Dienstvertrag stellt Arbeitskraft ohne Weisungsbindung bereit.",
    "topic": "Beschäftigungsverhältnisse"
  }
]
[
    {
    "id": "rf_31",
    "question_text": "Eine Aktiengesellschaft (AG) benötigt in Österreich ein Mindestgrundkapital von ___.",
    "type": "gap_fill",
    "correct_answer": "70.000 €",
    "explanation": "Das gesetzliche Mindestgrundkapital für eine AG in Österreich beträgt 70.000 Euro.",
    "topic": "Rechtsformen"
  },
  {
    "id": "rf_32",
    "question_text": "Welche der folgenden Aussagen zur Prokura ist FALSCH?",
    "type": "single_choice",
    "possible_answers": ["Sie muss im Firmenbuch eingetragen werden.", "Sie kann nur von einem im Firmenbuch eingetragenen Unternehmer erteilt werden.", "Sie berechtigt zum Verkauf des gesamten Unternehmens.", "Der Prokurist unterschreibt mit 'ppa.'"],
    "correct_answer": "Sie berechtigt zum Verkauf des gesamten Unternehmens.",
    "explanation": "Die Prokura ist zwar sehr umfangreich, ermächtigt aber nicht zu sogenannten Grundlagengeschäften wie dem Verkauf des Unternehmens.",
    "topic": "Vollmachten"
  },
  {
    "id": "rf_33",
    "question_text": "Ein Exporteur liefert Ware, aber der Importeur zahlt nicht. Dieses Risiko nennt man ___.",
    "type": "gap_fill",
    "correct_answer": "Zahlungsausfallrisiko",
    "explanation": "Das Zahlungsausfallrisiko (oder Delkredererisiko) ist das Risiko, dass der Käufer die Rechnung nicht begleicht.",
    "topic": "Außenhandel"
  },
  {
    "id": "rf_34",
    "question_text": "Die Erhebung neuer, bisher unbekannter Daten am Markt nennt man Primärforschung.",
    "type": "true_false",
    "correct_answer": "true",
    "explanation": "Primärforschung (Field Research) umfasst Methoden wie Befragung, Beobachtung oder Experiment, um neue Daten zu gewinnen.",
    "topic": "Marktforschung"
  },
  {
    "id": "rf_35",
    "question_text": "Berechne die Wirtschaftlichkeit: Ertrag = 150.000 €, Aufwand = 120.000 €.",
    "type": "calculation",
    "correct_answer": "1.25",
    "explanation": "Wirtschaftlichkeit = Ertrag / Aufwand = 150.000 / 120.000 = 1,25. Ein Wert über 1 bedeutet, das Unternehmen arbeitet wirtschaftlich.",
    "topic": "Rechenbeispiele"
  }
]
[
    {
    "id": "rf_36",
    "question_text": "Was gehört zur Konditionenpolitik?",
    "type": "multiple_choice",
    "possible_answers": ["Gewährung von Rabatten", "Festlegung von Zahlungszielen", "Verpackungsdesign", "Garantiebestimmungen"],
    "correct_answer": ["Gewährung von Rabatten", "Festlegung von Zahlungszielen", "Garantiebestimmungen"],
    "explanation": "Die Konditionenpolitik regelt alle Bedingungen rund um den Preis, wie Rabatte, Skonti, Liefer- und Zahlungsbedingungen sowie Garantien.",
    "topic": "Preispolitik"
  },
  {
    "id": "rf_37",
    "question_text": "Ein Unternehmen nimmt eine völlig neue Produktgruppe in sein Sortiment auf. Diesen Vorgang nennt man ___.",
    "type": "gap_fill",
    "correct_answer": "Diversifikation",
    "explanation": "Bei der Diversifikation erweitert ein Unternehmen sein Angebot um Produkte, die in keinem direkten Zusammenhang zum bisherigen Sortiment stehen.",
    "topic": "Produktpolitik"
  },
  {
    "id": "rf_38",
    "question_text": "Die Incoterm-Klausel 'FOB' steht für 'Free On Board' und wird hauptsächlich im See- und Binnenschiffsverkehr verwendet.",
    "type": "true_false",
    "correct_answer": "true",
    "explanation": "FOB ist eine klassische Klausel für den Schiffsverkehr, bei der die Gefahr auf den Käufer übergeht, sobald die Ware an Bord des Schiffes ist.",
    "topic": "Außenhandel"
  },
  {
    "id": "rf_39",
    "question_text": "Welches Organ ist bei einer AG für die Geschäftsführung zuständig?",
    "type": "single_choice",
    "possible_answers": ["Die Hauptversammlung", "Der Aufsichtsrat", "Der Vorstand", "Der Geschäftsführer"],
    "correct_answer": "Der Vorstand",
    "explanation": "Die Leitung (Geschäftsführung) einer AG obliegt dem Vorstand. Der Aufsichtsrat bestellt und kontrolliert den Vorstand.",
    "topic": "Rechtsformen"
  },
  {
    "id": "rf_40",
    "question_text": "Die AIDAS-Formel beschreibt die Phasen der Werbewirkung. Wofür steht das 'D'?",
    "type": "single_choice",
    "possible_answers": ["Decision (Entscheidung)", "Desire (Wunsch)", "Distribution (Verteilung)", "Development (Entwicklung)"],
    "correct_answer": "Desire (Wunsch)",
    "explanation": "AIDAS steht für Attention, Interest, Desire, Action, Satisfaction. Das 'D' steht für Desire, den Kaufwunsch.",
    "topic": "Marketing"
  },
  {
    "id": "rf_41",
    "question_text": "Ein Unternehmen kauft Rohstoffe in großen Mengen auf Lager, um von Mengenrabatten zu profitieren. Dies ist ein Beispiel für ___.",
    "type": "gap_fill",
    "correct_answer": "Vorratsbeschaffung",
    "explanation": "Bei der Vorratsbeschaffung werden größere Mengen auf einmal beschafft und gelagert, um günstige Einkaufspreise zu erzielen.",
    "topic": "Materialwirtschaft"
  },
  {
    "id": "rf_42",
    "question_text": "Was ist der Hauptnachteil der unbeschränkten Haftung?",
    "type": "open_text",
    "correct_answer": "Der Unternehmer haftet mit seinem gesamten Privatvermögen.",
    "explanation": "Bei der unbeschränkten Haftung ist das private Vermögen des Unternehmers nicht vor dem Zugriff der Gläubiger geschützt.",
    "topic": "Rechtsformen"
  },
  {
    "id": "rf_43",
    "question_text": "Welche dieser Aussagen beschreibt solidarische Haftung?",
    "type": "single_choice",
    "possible_answers": ["Jeder haftet nur für seinen eigenen Anteil.", "Ein Gläubiger kann sich aussuchen, von welchem Gesellschafter er die gesamte Schuld fordert.", "Die Haftung ist auf das Gesellschaftsvermögen beschränkt.", "Nur der Geschäftsführer haftet."],
    "correct_answer": "Ein Gläubiger kann sich aussuchen, von welchem Gesellschafter er die gesamte Schuld fordert.",
    "explanation": "Solidarische Haftung (Gesamtschuldnerische Haftung) bedeutet, dass jeder Gesellschafter für die gesamten Schulden der Gesellschaft haftet.",
    "topic": "Rechtsformen"
  },
  {
    "id": "rf_44",
    "question_text": "Die Eintragung ins Firmenbuch ist für Kapitalgesellschaften verpflichtend.",
    "type": "true_false",
    "correct_answer": "true",
    "explanation": "Alle Kapitalgesellschaften (wie GmbH und AG) müssen zwingend ins Firmenbuch eingetragen werden, um rechtlich zu entstehen.",
    "topic": "Unternehmensgrundlagen"
  },
  {
    "id": "rf_45",
    "question_text": "Wie hoch ist die Mindestkörperschaftsteuer für eine GmbH pro Jahr in Österreich?",
    "type": "single_choice",
    "possible_answers": ["0 €", "500 €", "1.750 €", "3.500 €"],
    "correct_answer": "500 €",
    "explanation": "Für eine GmbH beträgt die Mindest-KöSt 500 € pro Jahr (für Neugründungen in den ersten Jahren reduziert). 3.500 € gilt für eine AG.",
    "topic": "Steuern"
  }
]

