[
  {
    "id": "ext_0001",
    "type": "single_choice",
    "question_text": "Wer gilt nicht als Unternehmer im Sinne des UGB?",
    "possible_answers": [
      "a) Arzt",
      "b) Landwirt",
      "c) Angestellter in einem Unternehmen",
      "d) Künstler"
    ],
    "correct_answer": "c) Angestellter in einem Unternehmen",
    "topic": "Wiederholung",
    "tags": [
      "external_teacher"
    ],
    "ui": {
      "question_background": "#ECEFF1",
      "badge_color": "#455A64",
      "accent": "#607D8B"
    },
    "source": "external_teacher",
    "origin": "external_teacher"
  },
  {
    "id": "ext_0002",
    "type": "single_choice",
    "question_text": "Was ist der Firmenzusatz?",
    "possible_answers": [
      "a) Fantasiename",
      "b) Hinweis auf Tätigkeit",
      "c) Angabe der Rechtsform",
      "d) Markenname"
    ],
    "correct_answer": "c) Angabe der Rechtsform",
    "topic": "Wiederholung",
    "tags": [
      "external_teacher"
    ],
    "ui": {
      "question_background": "#ECEFF1",
      "badge_color": "#455A64",
      "accent": "#607D8B"
    },
    "source": "external_teacher",
    "origin": "external_teacher"
  },
  {
    "id": "ext_0003",
    "type": "single_choice",
    "question_text": "In welcher Gesellschaftsform gibt es Komplementär und Kommanditist?",
    "possible_answers": [
      "a) OG",
      "b) KG",
      "c) GmbH",
      "d) GesbR"
    ],
    "correct_answer": "b) KG",
    "topic": "Wiederholung",
    "tags": [
      "external_teacher"
    ],
    "ui": {
      "question_background": "#ECEFF1",
      "badge_color": "#455A64",
      "accent": "#607D8B"
    },
    "source": "external_teacher",
    "origin": "external_teacher"
  },
  {
    "id": "ext_0004",
    "type": "single_choice",
    "question_text": "Welche Gesellschaft ist eine juristische Person?",
    "possible_answers": [
      "a) OG",
      "b) KG",
      "c) GmbH",
      "d) GesbR"
    ],
    "correct_answer": "c) GmbH",
    "topic": "Wiederholung",
    "tags": [
      "external_teacher"
    ],
    "ui": {
      "question_background": "#ECEFF1",
      "badge_color": "#455A64",
      "accent": "#607D8B"
    },
    "source": "external_teacher",
    "origin": "external_teacher"
  },
  {
    "id": "ext_0005",
    "type": "single_choice",
    "question_text": "Wer haftet in der OG für Schulden?",
    "possible_answers": [
      "a) Nur die Gesellschafter, die zugestimmt haben",
      "b) Nur das Gesellschaftsvermögen",
      "c) Jeder Gesellschafter persönlich, unbeschränkt, solidarisch",
      "d) Nur der Geschäftsführer"
    ],
    "correct_answer": "c) Jeder Gesellschafter persönlich, unbeschränkt, solidarisch",
    "topic": "Wiederholung",
    "tags": [
      "external_teacher"
    ],
    "ui": {
      "question_background": "#ECEFF1",
      "badge_color": "#455A64",
      "accent": "#607D8B"
    },
    "source": "external_teacher",
    "origin": "external_teacher"
  },
  {
    "id": "ext_0006",
    "type": "single_choice",
    "question_text": "Wer ist eine juristische Person?",
    "possible_answers": [
      "a) Einzelunternehmer",
      "b) GmbH",
      "c) OG",
      "d) Komplementär"
    ],
    "correct_answer": "b) GmbH",
    "topic": "Wiederholung",
    "tags": [
      "external_teacher"
    ],
    "ui": {
      "question_background": "#ECEFF1",
      "badge_color": "#455A64",
      "accent": "#607D8B"
    },
    "source": "external_teacher",
    "origin": "external_teacher"
  },
  {
    "id": "ext_0007",
    "type": "single_choice",
    "question_text": "Welche Aussage zum Firmenbuch ist richtig?",
    "possible_answers": [
      "a) Es ist eine private Datenbank",
      "b) Eine Firma darf erst geführt werden, wenn sie im Firmenbuch steht",
      "c) Es dient nur für Kapitalgesellschaften",
      "d) Es wird nicht veröffentlicht"
    ],
    "correct_answer": "b) Eine Firma darf erst geführt werden, wenn sie im Firmenbuch steht",
    "topic": "Wiederholung",
    "tags": [
      "external_teacher"
    ],
    "ui": {
      "question_background": "#ECEFF1",
      "badge_color": "#455A64",
      "accent": "#607D8B"
    },
    "source": "external_teacher",
    "origin": "external_teacher"
  },
  {
    "id": "ext_0008",
    "type": "single_choice",
    "question_text": "Bei welcher Gesellschaft gibt es das Wettbewerbsverbot für Gesellschafter?",
    "possible_answers": [
      "a) Einzelunternehmen",
      "b) OG",
      "c) GmbH",
      "d) Stille Gesellschaft"
    ],
    "correct_answer": "b) OG",
    "topic": "Wiederholung",
    "tags": [
      "external_teacher"
    ],
    "ui": {
      "question_background": "#ECEFF1",
      "badge_color": "#455A64",
      "accent": "#607D8B"
    },
    "source": "external_teacher",
    "origin": "external_teacher"
  },
  {
    "id": "ext_0009",
    "type": "single_choice",
    "question_text": "Welche Rechtsform hat ein gesetzliches Mindestkapital?",
    "possible_answers": [
      "a) OG",
      "b) GesbR",
      "c) GmbH",
      "d) e.U."
    ],
    "correct_answer": "c) GmbH",
    "topic": "Wiederholung",
    "tags": [
      "external_teacher"
    ],
    "ui": {
      "question_background": "#ECEFF1",
      "badge_color": "#455A64",
      "accent": "#607D8B"
    },
    "source": "external_teacher",
    "origin": "external_teacher"
  },
  {
    "id": "ext_0010",
    "type": "single_choice",
    "question_text": "Was trifft auf die Genossenschaft zu?",
    "possible_answers": [
      "a) Mitglieder haften immer unbeschränkt",
      "b) Sie verfolgt die Förderung der Mitglieder",
      "c) Sie ist keine juristische Person",
      "d) Sie kann nicht ins Firmenbuch eingetragen werden"
    ],
    "correct_answer": "b) Sie verfolgt die Förderung der Mitglieder",
    "topic": "Wiederholung",
    "tags": [
      "external_teacher"
    ],
    "ui": {
      "question_background": "#ECEFF1",
      "badge_color": "#455A64",
      "accent": "#607D8B"
    },
    "source": "external_teacher",
    "origin": "external_teacher"
  },
  {
    "id": "ext_0011",
    "type": "single_choice",
    "question_text": "Wer kann Unternehmer im Sinn des UGB sein?",
    "possible_answers": [
      "a) Nur juristische Personen",
      "b) Nur natürliche Personen",
      "c) Natürliche und juristische Personen",
      "d) Nur Kapitalgesellschaften"
    ],
    "correct_answer": "a) Nur juristische Personen",
    "topic": "Wiederholung",
    "tags": [
      "external_teacher"
    ],
    "ui": {
      "question_background": "#ECEFF1",
      "badge_color": "#455A64",
      "accent": "#607D8B"
    },
    "source": "external_teacher",
    "origin": "external_teacher"
  },
  {
    "id": "ext_0012",
    "type": "single_choice",
    "question_text": "Welche Aussage zum Firmenkern ist richtig?",
    "possible_answers": [
      "a) Er ist immer der Vorname des Unternehmers",
      "b) Er ist frei wählbar (z. B. Name oder Tätigkeit)",
      "c) Er ist die Angabe der Rechtsform",
      "d) Er darf identisch mit bestehenden Firmen sein"
    ],
    "correct_answer": "a) Er ist immer der Vorname des Unternehmers",
    "topic": "Wiederholung",
    "tags": [
      "external_teacher"
    ],
    "ui": {
      "question_background": "#ECEFF1",
      "badge_color": "#455A64",
      "accent": "#607D8B"
    },
    "source": "external_teacher",
    "origin": "external_teacher"
  },
  {
    "id": "ext_0013",
    "type": "single_choice",
    "question_text": "Welche Rechtsform erfordert keine Eintragung ins Firmenbuch?",
    "possible_answers": [
      "a) GmbH",
      "b) OG",
      "c) GesbR",
      "d) AG"
    ],
    "correct_answer": "c) GesbR",
    "topic": "Wiederholung",
    "tags": [
      "external_teacher"
    ],
    "ui": {
      "question_background": "#ECEFF1",
      "badge_color": "#455A64",
      "accent": "#607D8B"
    },
    "source": "external_teacher",
    "origin": "external_teacher"
  },
  {
    "id": "ext_0014",
    "type": "single_choice",
    "question_text": "Wer ist Teilhafter?",
    "possible_answers": [
      "a) Geschäftsführer in einer GmbH",
      "b) Kommanditist in einer KG",
      "c) Aktionär einer AG",
      "d) Vorstand in einer AG"
    ],
    "correct_answer": "b) Kommanditist in einer KG",
    "topic": "Wiederholung",
    "tags": [
      "external_teacher"
    ],
    "ui": {
      "question_background": "#ECEFF1",
      "badge_color": "#455A64",
      "accent": "#607D8B"
    },
    "source": "external_teacher",
    "origin": "external_teacher"
  },
  {
    "id": "ext_0015",
    "type": "single_choice",
    "question_text": "Welche Aussage zu Kapitalgesellschaften ist richtig?",
    "possible_answers": [
      "a) Gesellschafter haften immer mit Privatvermögen",
      "b) Es ist immer ein Mindestkapital vorgeschrieben",
      "c) Gewinne werden mit Einkommensteuer versteuert",
      "d) Es sind keine juristischen Personen"
    ],
    "correct_answer": "b) Es ist immer ein Mindestkapital vorgeschrieben",
    "topic": "Wiederholung",
    "tags": [
      "external_teacher"
    ],
    "ui": {
      "question_background": "#ECEFF1",
      "badge_color": "#455A64",
      "accent": "#607D8B"
    },
    "source": "external_teacher",
    "origin": "external_teacher"
  },
  {
    "id": "ext_0016",
    "type": "single_choice",
    "question_text": "Ein **Unternehmer** im Sinne des Unternehmensgesetzbuches (UGB) ist, wer ____ betreibt?",
    "correct_answer": "ein Unternehmen",
    "topic": "Lückentext",
    "tags": [
      "external_teacher"
    ],
    "ui": {
      "question_background": "#ECEFF1",
      "badge_color": "#455A64",
      "accent": "#607D8B"
    },
    "source": "external_teacher",
    "origin": "external_teacher",
    "possible_answers": [
      "ein Unternehmen"
    ]
  },
  {
    "id": "ext_0017",
    "type": "single_choice",
    "question_text": "Dazu gehören sowohl ____ Personen als auch ____ Personen?",
    "correct_answer": "",
    "topic": "Lückentext",
    "tags": [
      "external_teacher"
    ],
    "ui": {
      "question_background": "#ECEFF1",
      "badge_color": "#455A64",
      "accent": "#607D8B"
    },
    "source": "external_teacher",
    "origin": "external_teacher",
    "possible_answers": []
  },
  {
    "id": "ext_0018",
    "type": "single_choice",
    "question_text": "- ____ Personen → lebende, physische Personen, z. B. ____?",
    "correct_answer": "",
    "topic": "Lückentext",
    "tags": [
      "external_teacher"
    ],
    "ui": {
      "question_background": "#ECEFF1",
      "badge_color": "#455A64",
      "accent": "#607D8B"
    },
    "source": "external_teacher",
    "origin": "external_teacher",
    "possible_answers": []
  },
  {
    "id": "ext_0019",
    "type": "single_choice",
    "question_text": "- ____ Personen → Organisationen, die auf Basis eines ____ gegründet werden?",
    "correct_answer": "",
    "topic": "Lückentext",
    "tags": [
      "external_teacher"
    ],
    "ui": {
      "question_background": "#ECEFF1",
      "badge_color": "#455A64",
      "accent": "#607D8B"
    },
    "source": "external_teacher",
    "origin": "external_teacher",
    "possible_answers": []
  },
  {
    "id": "ext_0020",
    "type": "single_choice",
    "question_text": "Weitere Unternehmer sind z. B. ____, ____ Tätigkeiten (z. B. Arzt) und ____ Selbstständige (z. B. Künstler)?",
    "correct_answer": "",
    "topic": "Lückentext",
    "tags": [
      "external_teacher"
    ],
    "ui": {
      "question_background": "#ECEFF1",
      "badge_color": "#455A64",
      "accent": "#607D8B"
    },
    "source": "external_teacher",
    "origin": "external_teacher",
    "possible_answers": []
  },
  {
    "id": "ext_0021",
    "type": "single_choice",
    "question_text": "Die **Firma** ist der ins ____ eingetragene Name des Unternehmers. Unter diesem Namen:?",
    "correct_answer": "Firmenkern",
    "topic": "Lückentext",
    "tags": [
      "external_teacher"
    ],
    "ui": {
      "question_background": "#ECEFF1",
      "badge_color": "#455A64",
      "accent": "#607D8B"
    },
    "source": "external_teacher",
    "origin": "external_teacher",
    "possible_answers": [
      "Firmenkern"
    ]
  },
  {
    "id": "ext_0022",
    "type": "single_choice",
    "question_text": "- betreibt er ____,?",
    "correct_answer": "",
    "topic": "Lückentext",
    "tags": [
      "external_teacher"
    ],
    "ui": {
      "question_background": "#ECEFF1",
      "badge_color": "#455A64",
      "accent": "#607D8B"
    },
    "source": "external_teacher",
    "origin": "external_teacher",
    "possible_answers": []
  },
  {
    "id": "ext_0023",
    "type": "single_choice",
    "question_text": "- gibt er seine ____ ab und?",
    "correct_answer": "",
    "topic": "Lückentext",
    "tags": [
      "external_teacher"
    ],
    "ui": {
      "question_background": "#ECEFF1",
      "badge_color": "#455A64",
      "accent": "#607D8B"
    },
    "source": "external_teacher",
    "origin": "external_teacher",
    "possible_answers": []
  },
  {
    "id": "ext_0024",
    "type": "single_choice",
    "question_text": "- kann er ____ bzw. ____ werden?",
    "correct_answer": "",
    "topic": "Lückentext",
    "tags": [
      "external_teacher"
    ],
    "ui": {
      "question_background": "#ECEFF1",
      "badge_color": "#455A64",
      "accent": "#607D8B"
    },
    "source": "external_teacher",
    "origin": "external_teacher",
    "possible_answers": []
  },
  {
    "id": "ext_0025",
    "type": "single_choice",
    "question_text": "Der Firmenname besteht aus ____ und ____?",
    "correct_answer": [
      "Firmenkern",
      "Firmenzusatz"
    ],
    "topic": "Lückentext",
    "tags": [
      "external_teacher"
    ],
    "ui": {
      "question_background": "#ECEFF1",
      "badge_color": "#455A64",
      "accent": "#607D8B"
    },
    "source": "external_teacher",
    "origin": "external_teacher",
    "possible_answers": []
  },
  {
    "id": "ext_0026",
    "type": "single_choice",
    "question_text": "- Der **Firmenkern** ist ____ wählbar, z. B. ____ oder Hinweis auf ____?",
    "correct_answer": "Firmenkern",
    "topic": "Lückentext",
    "tags": [
      "external_teacher"
    ],
    "ui": {
      "question_background": "#ECEFF1",
      "badge_color": "#455A64",
      "accent": "#607D8B"
    },
    "source": "external_teacher",
    "origin": "external_teacher",
    "possible_answers": [
      "Firmenkern"
    ]
  },
  {
    "id": "ext_0027",
    "type": "single_choice",
    "question_text": "- Der **Firmenzusatz** gibt die ____ an, z. B. ____?",
    "correct_answer": "Firmenzusatz",
    "topic": "Lückentext",
    "tags": [
      "external_teacher"
    ],
    "ui": {
      "question_background": "#ECEFF1",
      "badge_color": "#455A64",
      "accent": "#607D8B"
    },
    "source": "external_teacher",
    "origin": "external_teacher",
    "possible_answers": [
      "Firmenzusatz"
    ]
  },
  {
    "id": "ext_0028",
    "type": "single_choice",
    "question_text": "- ____eignung → der Name muss lesbar und aussprechbar sein?",
    "correct_answer": "Kennzeichnungseignung",
    "topic": "Lückentext",
    "tags": [
      "external_teacher"
    ],
    "ui": {
      "question_background": "#ECEFF1",
      "badge_color": "#455A64",
      "accent": "#607D8B"
    },
    "source": "external_teacher",
    "origin": "external_teacher",
    "possible_answers": [
      "Kennzeichnungseignung"
    ]
  },
  {
    "id": "ext_0029",
    "type": "single_choice",
    "question_text": "- ____kraft → neue Firmen müssen sich von anderen am selben Ort unterscheiden?",
    "correct_answer": "",
    "topic": "Lückentext",
    "tags": [
      "external_teacher"
    ],
    "ui": {
      "question_background": "#ECEFF1",
      "badge_color": "#455A64",
      "accent": "#607D8B"
    },
    "source": "external_teacher",
    "origin": "external_teacher",
    "possible_answers": []
  },
  {
    "id": "ext_0030",
    "type": "single_choice",
    "question_text": "- ____verbot → der Name darf keine falschen Informationen enthalten?",
    "correct_answer": "",
    "topic": "Lückentext",
    "tags": [
      "external_teacher"
    ],
    "ui": {
      "question_background": "#ECEFF1",
      "badge_color": "#455A64",
      "accent": "#607D8B"
    },
    "source": "external_teacher",
    "origin": "external_teacher",
    "possible_answers": []
  },
  {
    "id": "ext_0031",
    "type": "single_choice",
    "question_text": "- ____firma (z. B. Name des Unternehmers)?",
    "correct_answer": "Firmenkern",
    "topic": "Lückentext",
    "tags": [
      "external_teacher"
    ],
    "ui": {
      "question_background": "#ECEFF1",
      "badge_color": "#455A64",
      "accent": "#607D8B"
    },
    "source": "external_teacher",
    "origin": "external_teacher",
    "possible_answers": [
      "Firmenkern"
    ]
  },
  {
    "id": "ext_0032",
    "type": "single_choice",
    "question_text": "- ____firma (Hinweis auf Tätigkeit)?",
    "correct_answer": "",
    "topic": "Lückentext",
    "tags": [
      "external_teacher"
    ],
    "ui": {
      "question_background": "#ECEFF1",
      "badge_color": "#455A64",
      "accent": "#607D8B"
    },
    "source": "external_teacher",
    "origin": "external_teacher",
    "possible_answers": []
  },
  {
    "id": "ext_0033",
    "type": "single_choice",
    "question_text": "- ____firma (erfundene Namen, Marken)?",
    "correct_answer": "",
    "topic": "Lückentext",
    "tags": [
      "external_teacher"
    ],
    "ui": {
      "question_background": "#ECEFF1",
      "badge_color": "#455A64",
      "accent": "#607D8B"
    },
    "source": "external_teacher",
    "origin": "external_teacher",
    "possible_answers": []
  },
  {
    "id": "ext_0034",
    "type": "single_choice",
    "question_text": "- ____ Firma (Mischung)?",
    "correct_answer": "",
    "topic": "Lückentext",
    "tags": [
      "external_teacher"
    ],
    "ui": {
      "question_background": "#ECEFF1",
      "badge_color": "#455A64",
      "accent": "#607D8B"
    },
    "source": "external_teacher",
    "origin": "external_teacher",
    "possible_answers": []
  },
  {
    "id": "ext_0035",
    "type": "single_choice",
    "question_text": "Beim Erwerb eines Unternehmens kann der bisherige Name ____ werden, aber nur mit ____?",
    "correct_answer": "",
    "topic": "Lückentext",
    "tags": [
      "external_teacher"
    ],
    "ui": {
      "question_background": "#ECEFF1",
      "badge_color": "#455A64",
      "accent": "#607D8B"
    },
    "source": "external_teacher",
    "origin": "external_teacher",
    "possible_answers": []
  },
  {
    "id": "ext_0036",
    "type": "single_choice",
    "question_text": "Eine Firma darf erst geführt werden, wenn sie im ____ steht?",
    "correct_answer": "",
    "topic": "Lückentext",
    "tags": [
      "external_teacher"
    ],
    "ui": {
      "question_background": "#ECEFF1",
      "badge_color": "#455A64",
      "accent": "#607D8B"
    },
    "source": "external_teacher",
    "origin": "external_teacher",
    "possible_answers": []
  },
  {
    "id": "ext_0037",
    "type": "single_choice",
    "question_text": "Das Firmenbuch ist ein ____es EDV-Verzeichnis, in dem ____ über ein Unternehmen eingetragen sind?",
    "correct_answer": "",
    "topic": "Lückentext",
    "tags": [
      "external_teacher"
    ],
    "ui": {
      "question_background": "#ECEFF1",
      "badge_color": "#455A64",
      "accent": "#607D8B"
    },
    "source": "external_teacher",
    "origin": "external_teacher",
    "possible_answers": []
  },
  {
    "id": "ext_0038",
    "type": "single_choice",
    "question_text": "Die Einträge werden auf ____ (Elektronische Verlautbarungs- und Informationsplattform) veröffentlicht?",
    "correct_answer": "",
    "topic": "Lückentext",
    "tags": [
      "external_teacher"
    ],
    "ui": {
      "question_background": "#ECEFF1",
      "badge_color": "#455A64",
      "accent": "#607D8B"
    },
    "source": "external_teacher",
    "origin": "external_teacher",
    "possible_answers": []
  },
  {
    "id": "ext_0039",
    "type": "single_choice",
    "question_text": "- Gesellschafter: alleine oder mit ____?",
    "correct_answer": "",
    "topic": "Lückentext",
    "tags": [
      "external_teacher"
    ],
    "ui": {
      "question_background": "#ECEFF1",
      "badge_color": "#455A64",
      "accent": "#607D8B"
    },
    "source": "external_teacher",
    "origin": "external_teacher",
    "possible_answers": []
  },
  {
    "id": "ext_0040",
    "type": "single_choice",
    "question_text": "- Finanzierung: Gibt es ein ____? Kann das Kapital ____?",
    "correct_answer": "",
    "topic": "Lückentext",
    "tags": [
      "external_teacher"
    ],
    "ui": {
      "question_background": "#ECEFF1",
      "badge_color": "#455A64",
      "accent": "#607D8B"
    },
    "source": "external_teacher",
    "origin": "external_teacher",
    "possible_answers": []
  },
  {
    "id": "ext_0041",
    "type": "single_choice",
    "question_text": "- Haftung: Unterscheidung zwischen ____ Haftung (mit Privatvermögen) und ____ Haftung (nur bis zu einem bestimmten Betrag)?",
    "correct_answer": "Unterscheidungskraft",
    "topic": "Lückentext",
    "tags": [
      "external_teacher"
    ],
    "ui": {
      "question_background": "#ECEFF1",
      "badge_color": "#455A64",
      "accent": "#607D8B"
    },
    "source": "external_teacher",
    "origin": "external_teacher",
    "possible_answers": [
      "Unterscheidungskraft"
    ]
  },
  {
    "id": "ext_0042",
    "type": "single_choice",
    "question_text": "- Kontrolle: Leitungsbefugnis und ____recht?",
    "correct_answer": "",
    "topic": "Lückentext",
    "tags": [
      "external_teacher"
    ],
    "ui": {
      "question_background": "#ECEFF1",
      "badge_color": "#455A64",
      "accent": "#607D8B"
    },
    "source": "external_teacher",
    "origin": "external_teacher",
    "possible_answers": []
  },
  {
    "id": "ext_0043",
    "type": "single_choice",
    "question_text": "- Erfolgsverteilung: richtet sich nach ____, ____ und ____?",
    "correct_answer": "",
    "topic": "Lückentext",
    "tags": [
      "external_teacher"
    ],
    "ui": {
      "question_background": "#ECEFF1",
      "badge_color": "#455A64",
      "accent": "#607D8B"
    },
    "source": "external_teacher",
    "origin": "external_teacher",
    "possible_answers": []
  },
  {
    "id": "ext_0044",
    "type": "single_choice",
    "question_text": "- Buchführung: doppelte Buchführung bei ____, ____ und ab bestimmtem Umsatz bei ____?",
    "correct_answer": "",
    "topic": "Lückentext",
    "tags": [
      "external_teacher"
    ],
    "ui": {
      "question_background": "#ECEFF1",
      "badge_color": "#455A64",
      "accent": "#607D8B"
    },
    "source": "external_teacher",
    "origin": "external_teacher",
    "possible_answers": []
  },
  {
    "id": "ext_0045",
    "type": "single_choice",
    "question_text": "- Ertragssteuerliche Belastung: abhängig von ____?",
    "correct_answer": "",
    "topic": "Lückentext",
    "tags": [
      "external_teacher"
    ],
    "ui": {
      "question_background": "#ECEFF1",
      "badge_color": "#455A64",
      "accent": "#607D8B"
    },
    "source": "external_teacher",
    "origin": "external_teacher",
    "possible_answers": []
  },
  {
    "id": "ext_0046",
    "type": "single_choice",
    "question_text": "- Gesellschafter: ____?",
    "correct_answer": "",
    "topic": "Lückentext",
    "tags": [
      "external_teacher"
    ],
    "ui": {
      "question_background": "#ECEFF1",
      "badge_color": "#455A64",
      "accent": "#607D8B"
    },
    "source": "external_teacher",
    "origin": "external_teacher",
    "possible_answers": []
  },
  {
    "id": "ext_0047",
    "type": "single_choice",
    "question_text": "- Gründung: erfolgt durch ____?",
    "correct_answer": "",
    "topic": "Lückentext",
    "tags": [
      "external_teacher"
    ],
    "ui": {
      "question_background": "#ECEFF1",
      "badge_color": "#455A64",
      "accent": "#607D8B"
    },
    "source": "external_teacher",
    "origin": "external_teacher",
    "possible_answers": []
  },
  {
    "id": "ext_0048",
    "type": "single_choice",
    "question_text": "- Firmenbuch: je nach ____ verpflichtend?",
    "correct_answer": "",
    "topic": "Lückentext",
    "tags": [
      "external_teacher"
    ],
    "ui": {
      "question_background": "#ECEFF1",
      "badge_color": "#455A64",
      "accent": "#607D8B"
    },
    "source": "external_teacher",
    "origin": "external_teacher",
    "possible_answers": []
  },
  {
    "id": "ext_0049",
    "type": "single_choice",
    "question_text": "- Finanzierung: Kapital wird vom ____ aufgebracht, kein ____ notwendig?",
    "correct_answer": "",
    "topic": "Lückentext",
    "tags": [
      "external_teacher"
    ],
    "ui": {
      "question_background": "#ECEFF1",
      "badge_color": "#455A64",
      "accent": "#607D8B"
    },
    "source": "external_teacher",
    "origin": "external_teacher",
    "possible_answers": []
  },
  {
    "id": "ext_0050",
    "type": "single_choice",
    "question_text": "- Haftung: Unternehmer ist ____hafter, haftet mit ____?",
    "correct_answer": "",
    "topic": "Lückentext",
    "tags": [
      "external_teacher"
    ],
    "ui": {
      "question_background": "#ECEFF1",
      "badge_color": "#455A64",
      "accent": "#607D8B"
    },
    "source": "external_teacher",
    "origin": "external_teacher",
    "possible_answers": []
  },
  {
    "id": "ext_0051",
    "type": "single_choice",
    "question_text": "- Kontrolle: entscheidet ____?",
    "correct_answer": "",
    "topic": "Lückentext",
    "tags": [
      "external_teacher"
    ],
    "ui": {
      "question_background": "#ECEFF1",
      "badge_color": "#455A64",
      "accent": "#607D8B"
    },
    "source": "external_teacher",
    "origin": "external_teacher",
    "possible_answers": []
  },
  {
    "id": "ext_0052",
    "type": "single_choice",
    "question_text": "- Erfolgsverteilung: trägt Gewinn und Verlust ____?",
    "correct_answer": "",
    "topic": "Lückentext",
    "tags": [
      "external_teacher"
    ],
    "ui": {
      "question_background": "#ECEFF1",
      "badge_color": "#455A64",
      "accent": "#607D8B"
    },
    "source": "external_teacher",
    "origin": "external_teacher",
    "possible_answers": []
  },
  {
    "id": "ext_0053",
    "type": "single_choice",
    "question_text": "- Ertragsteuerliche Belastung: Gewinn unterliegt der ____?",
    "correct_answer": "",
    "topic": "Lückentext",
    "tags": [
      "external_teacher"
    ],
    "ui": {
      "question_background": "#ECEFF1",
      "badge_color": "#455A64",
      "accent": "#607D8B"
    },
    "source": "external_teacher",
    "origin": "external_teacher",
    "possible_answers": []
  },
  {
    "id": "ext_0054",
    "type": "single_choice",
    "question_text": "**Vorteile:** ____, ____, ____?",
    "correct_answer": "",
    "topic": "Lückentext",
    "tags": [
      "external_teacher"
    ],
    "ui": {
      "question_background": "#ECEFF1",
      "badge_color": "#455A64",
      "accent": "#607D8B"
    },
    "source": "external_teacher",
    "origin": "external_teacher",
    "possible_answers": []
  },
  {
    "id": "ext_0055",
    "type": "single_choice",
    "question_text": "**Nachteile:** ____, ____, ____?",
    "correct_answer": "",
    "topic": "Lückentext",
    "tags": [
      "external_teacher"
    ],
    "ui": {
      "question_background": "#ECEFF1",
      "badge_color": "#455A64",
      "accent": "#607D8B"
    },
    "source": "external_teacher",
    "origin": "external_teacher",
    "possible_answers": []
  },
  {
    "id": "ext_0056",
    "type": "single_choice",
    "question_text": "- Gesellschafter: mindestens ____?",
    "correct_answer": "",
    "topic": "Lückentext",
    "tags": [
      "external_teacher"
    ],
    "ui": {
      "question_background": "#ECEFF1",
      "badge_color": "#455A64",
      "accent": "#607D8B"
    },
    "source": "external_teacher",
    "origin": "external_teacher",
    "possible_answers": []
  },
  {
    "id": "ext_0057",
    "type": "single_choice",
    "question_text": "- Gründung: durch ____, keine Form vorgeschrieben?",
    "correct_answer": "",
    "topic": "Lückentext",
    "tags": [
      "external_teacher"
    ],
    "ui": {
      "question_background": "#ECEFF1",
      "badge_color": "#455A64",
      "accent": "#607D8B"
    },
    "source": "external_teacher",
    "origin": "external_teacher",
    "possible_answers": []
  },
  {
    "id": "ext_0058",
    "type": "single_choice",
    "question_text": "- Firmenbuch: ____?",
    "correct_answer": "",
    "topic": "Lückentext",
    "tags": [
      "external_teacher"
    ],
    "ui": {
      "question_background": "#ECEFF1",
      "badge_color": "#455A64",
      "accent": "#607D8B"
    },
    "source": "external_teacher",
    "origin": "external_teacher",
    "possible_answers": []
  },
  {
    "id": "ext_0059",
    "type": "single_choice",
    "question_text": "- Haftung: ____, ____ und ____?",
    "correct_answer": "",
    "topic": "Lückentext",
    "tags": [
      "external_teacher"
    ],
    "ui": {
      "question_background": "#ECEFF1",
      "badge_color": "#455A64",
      "accent": "#607D8B"
    },
    "source": "external_teacher",
    "origin": "external_teacher",
    "possible_answers": []
  },
  {
    "id": "ext_0060",
    "type": "single_choice",
    "question_text": "- Kontrolle: alle Gesellschafter sind ____?",
    "correct_answer": "",
    "topic": "Lückentext",
    "tags": [
      "external_teacher"
    ],
    "ui": {
      "question_background": "#ECEFF1",
      "badge_color": "#455A64",
      "accent": "#607D8B"
    },
    "source": "external_teacher",
    "origin": "external_teacher",
    "possible_answers": []
  },
  {
    "id": "ext_0061",
    "type": "single_choice",
    "question_text": "- Erfolgsverteilung: im ____, sonst im ____?",
    "correct_answer": "",
    "topic": "Lückentext",
    "tags": [
      "external_teacher"
    ],
    "ui": {
      "question_background": "#ECEFF1",
      "badge_color": "#455A64",
      "accent": "#607D8B"
    },
    "source": "external_teacher",
    "origin": "external_teacher",
    "possible_answers": []
  },
  {
    "id": "ext_0063",
    "type": "single_choice",
    "question_text": "- Komplementär = ____?",
    "correct_answer": "",
    "topic": "Lückentext",
    "tags": [
      "external_teacher"
    ],
    "ui": {
      "question_background": "#ECEFF1",
      "badge_color": "#455A64",
      "accent": "#607D8B"
    },
    "source": "external_teacher",
    "origin": "external_teacher",
    "possible_answers": []
  },
  {
    "id": "ext_0064",
    "type": "single_choice",
    "question_text": "- Kommanditist = ____?",
    "correct_answer": "",
    "topic": "Lückentext",
    "tags": [
      "external_teacher"
    ],
    "ui": {
      "question_background": "#ECEFF1",
      "badge_color": "#455A64",
      "accent": "#607D8B"
    },
    "source": "external_teacher",
    "origin": "external_teacher",
    "possible_answers": []
  },
  {
    "id": "ext_0065",
    "type": "single_choice",
    "question_text": "- Haftung: Komplementär ____, Kommanditist bis ____?",
    "correct_answer": "",
    "topic": "Lückentext",
    "tags": [
      "external_teacher"
    ],
    "ui": {
      "question_background": "#ECEFF1",
      "badge_color": "#455A64",
      "accent": "#607D8B"
    },
    "source": "external_teacher",
    "origin": "external_teacher",
    "possible_answers": []
  },
  {
    "id": "ext_0066",
    "type": "single_choice",
    "question_text": "- Kontrolle: Komplementär leitet, Kommanditist hat nur ____recht?",
    "correct_answer": "",
    "topic": "Lückentext",
    "tags": [
      "external_teacher"
    ],
    "ui": {
      "question_background": "#ECEFF1",
      "badge_color": "#455A64",
      "accent": "#607D8B"
    },
    "source": "external_teacher",
    "origin": "external_teacher",
    "possible_answers": []
  },
  {
    "id": "ext_0067",
    "type": "single_choice",
    "question_text": "- Beteiligung an einem ____ Unternehmen?",
    "correct_answer": "",
    "topic": "Lückentext",
    "tags": [
      "external_teacher"
    ],
    "ui": {
      "question_background": "#ECEFF1",
      "badge_color": "#455A64",
      "accent": "#607D8B"
    },
    "source": "external_teacher",
    "origin": "external_teacher",
    "possible_answers": []
  },
  {
    "id": "ext_0068",
    "type": "single_choice",
    "question_text": "- Gründung durch ____vertrag?",
    "correct_answer": "",
    "topic": "Lückentext",
    "tags": [
      "external_teacher"
    ],
    "ui": {
      "question_background": "#ECEFF1",
      "badge_color": "#455A64",
      "accent": "#607D8B"
    },
    "source": "external_teacher",
    "origin": "external_teacher",
    "possible_answers": []
  },
  {
    "id": "ext_0069",
    "type": "single_choice",
    "question_text": "- Haftung: nur bis zur ____?",
    "correct_answer": "",
    "topic": "Lückentext",
    "tags": [
      "external_teacher"
    ],
    "ui": {
      "question_background": "#ECEFF1",
      "badge_color": "#455A64",
      "accent": "#607D8B"
    },
    "source": "external_teacher",
    "origin": "external_teacher",
    "possible_answers": []
  },
  {
    "id": "ext_0071",
    "type": "single_choice",
    "question_text": "- Erfolgsverteilung: am ____ beteiligt?",
    "correct_answer": "",
    "topic": "Lückentext",
    "tags": [
      "external_teacher"
    ],
    "ui": {
      "question_background": "#ECEFF1",
      "badge_color": "#455A64",
      "accent": "#607D8B"
    },
    "source": "external_teacher",
    "origin": "external_teacher",
    "possible_answers": []
  },
  {
    "id": "ext_0074",
    "type": "single_choice",
    "question_text": "- Haftung: ____?",
    "correct_answer": "",
    "topic": "Lückentext",
    "tags": [
      "external_teacher"
    ],
    "ui": {
      "question_background": "#ECEFF1",
      "badge_color": "#455A64",
      "accent": "#607D8B"
    },
    "source": "external_teacher",
    "origin": "external_teacher",
    "possible_answers": []
  },
  {
    "id": "ext_0075",
    "type": "single_choice",
    "question_text": "- Kontrolle: alle zur ____ befugt, außergewöhnliche Geschäfte nur ____?",
    "correct_answer": "",
    "topic": "Lückentext",
    "tags": [
      "external_teacher"
    ],
    "ui": {
      "question_background": "#ECEFF1",
      "badge_color": "#455A64",
      "accent": "#607D8B"
    },
    "source": "external_teacher",
    "origin": "external_teacher",
    "possible_answers": []
  },
  {
    "id": "ext_0077",
    "type": "single_choice",
    "question_text": "- Gründung: durch ____vertrag (traditionell oder elektronisch)?",
    "correct_answer": "",
    "topic": "Lückentext",
    "tags": [
      "external_teacher"
    ],
    "ui": {
      "question_background": "#ECEFF1",
      "badge_color": "#455A64",
      "accent": "#607D8B"
    },
    "source": "external_teacher",
    "origin": "external_teacher",
    "possible_answers": []
  },
  {
    "id": "ext_0078",
    "type": "single_choice",
    "question_text": "- Mindeststammkapital: ____, davon mindestens ____ bar einzuzahlen?",
    "correct_answer": "",
    "topic": "Lückentext",
    "tags": [
      "external_teacher"
    ],
    "ui": {
      "question_background": "#ECEFF1",
      "badge_color": "#455A64",
      "accent": "#607D8B"
    },
    "source": "external_teacher",
    "origin": "external_teacher",
    "possible_answers": []
  },
  {
    "id": "ext_0079",
    "type": "single_choice",
    "question_text": "- Haftung: Gesellschaft mit ____, Gesellschafter nur mit ____?",
    "correct_answer": "",
    "topic": "Lückentext",
    "tags": [
      "external_teacher"
    ],
    "ui": {
      "question_background": "#ECEFF1",
      "badge_color": "#455A64",
      "accent": "#607D8B"
    },
    "source": "external_teacher",
    "origin": "external_teacher",
    "possible_answers": []
  },
  {
    "id": "ext_0080",
    "type": "single_choice",
    "question_text": "- Erfolgsverteilung: durch ____ beschlossen?",
    "correct_answer": "",
    "topic": "Lückentext",
    "tags": [
      "external_teacher"
    ],
    "ui": {
      "question_background": "#ECEFF1",
      "badge_color": "#455A64",
      "accent": "#607D8B"
    },
    "source": "external_teacher",
    "origin": "external_teacher",
    "possible_answers": []
  },
  {
    "id": "ext_0081",
    "type": "single_choice",
    "question_text": "- Steuer: Gewinne mit ____ %, Ausschüttung mit ____ %?",
    "correct_answer": "",
    "topic": "Lückentext",
    "tags": [
      "external_teacher"
    ],
    "ui": {
      "question_background": "#ECEFF1",
      "badge_color": "#455A64",
      "accent": "#607D8B"
    },
    "source": "external_teacher",
    "origin": "external_teacher",
    "possible_answers": []
  },
  {
    "id": "ext_0082",
    "type": "single_choice",
    "question_text": "- Mindestgrundkapital: ____?",
    "correct_answer": "",
    "topic": "Lückentext",
    "tags": [
      "external_teacher"
    ],
    "ui": {
      "question_background": "#ECEFF1",
      "badge_color": "#455A64",
      "accent": "#607D8B"
    },
    "source": "external_teacher",
    "origin": "external_teacher",
    "possible_answers": []
  },
  {
    "id": "ext_0083",
    "type": "single_choice",
    "question_text": "- Finanzierung durch Ausgabe von ____?",
    "correct_answer": "",
    "topic": "Lückentext",
    "tags": [
      "external_teacher"
    ],
    "ui": {
      "question_background": "#ECEFF1",
      "badge_color": "#455A64",
      "accent": "#607D8B"
    },
    "source": "external_teacher",
    "origin": "external_teacher",
    "possible_answers": []
  },
  {
    "id": "ext_0084",
    "type": "single_choice",
    "question_text": "- Haftung: nur mit ____?",
    "correct_answer": "",
    "topic": "Lückentext",
    "tags": [
      "external_teacher"
    ],
    "ui": {
      "question_background": "#ECEFF1",
      "badge_color": "#455A64",
      "accent": "#607D8B"
    },
    "source": "external_teacher",
    "origin": "external_teacher",
    "possible_answers": []
  },
  {
    "id": "ext_0085",
    "type": "single_choice",
    "question_text": "- Erfolgsverteilung: beschlossen in ____?",
    "correct_answer": "",
    "topic": "Lückentext",
    "tags": [
      "external_teacher"
    ],
    "ui": {
      "question_background": "#ECEFF1",
      "badge_color": "#455A64",
      "accent": "#607D8B"
    },
    "source": "external_teacher",
    "origin": "external_teacher",
    "possible_answers": []
  },
  {
    "id": "ext_0086",
    "type": "single_choice",
    "question_text": "- Steuer: Gewinne mit ____ %, Dividenden mit ____ %?",
    "correct_answer": "",
    "topic": "Lückentext",
    "tags": [
      "external_teacher"
    ],
    "ui": {
      "question_background": "#ECEFF1",
      "badge_color": "#455A64",
      "accent": "#607D8B"
    },
    "source": "external_teacher",
    "origin": "external_teacher",
    "possible_answers": []
  },
  {
    "id": "ext_0088",
    "type": "single_choice",
    "question_text": "- Finanzierung: kein ____?",
    "correct_answer": "",
    "topic": "Lückentext",
    "tags": [
      "external_teacher"
    ],
    "ui": {
      "question_background": "#ECEFF1",
      "badge_color": "#455A64",
      "accent": "#607D8B"
    },
    "source": "external_teacher",
    "origin": "external_teacher",
    "possible_answers": []
  },
  {
    "id": "ext_0089",
    "type": "single_choice",
    "question_text": "- Kontrolle: Organe sind ____, ____ und ____?",
    "correct_answer": "",
    "topic": "Lückentext",
    "tags": [
      "external_teacher"
    ],
    "ui": {
      "question_background": "#ECEFF1",
      "badge_color": "#455A64",
      "accent": "#607D8B"
    },
    "source": "external_teacher",
    "origin": "external_teacher",
    "possible_answers": []
  },
  {
    "id": "ext_0090",
    "type": "single_choice",
    "question_text": "- Erfolgsverteilung: als ____ an Mitglieder?",
    "correct_answer": "",
    "topic": "Lückentext",
    "tags": [
      "external_teacher"
    ],
    "ui": {
      "question_background": "#ECEFF1",
      "badge_color": "#455A64",
      "accent": "#607D8B"
    },
    "source": "external_teacher",
    "origin": "external_teacher",
    "possible_answers": []
  },
  {
    "id": "ext_0091",
    "type": "single_choice",
    "question_text": "- Steuer: Gewinn mit ____ %, Ausschüttungen mit ____ %?",
    "correct_answer": "",
    "topic": "Lückentext",
    "tags": [
      "external_teacher"
    ],
    "ui": {
      "question_background": "#ECEFF1",
      "badge_color": "#455A64",
      "accent": "#607D8B"
    },
    "source": "external_teacher",
    "origin": "external_teacher",
    "possible_answers": []
  },
  {
    "id": "ext_0092",
    "type": "single_choice",
    "question_text": "- Finanzierung: Gibt es ein ____________? Kann das Kapital ____________?",
    "correct_answer": ": Begriff definieren und 1–2 Merkmale nennen.",
    "topic": "Wiederholung",
    "tags": [
      "external_teacher"
    ],
    "ui": {
      "question_background": "#ECEFF1",
      "badge_color": "#455A64",
      "accent": "#607D8B"
    },
    "source": "external_teacher",
    "origin": "external_teacher",
    "possible_answers": [
      ": Begriff definieren und 1–2 Merkmale nennen."
    ]
  },
  {
    "id": "ext_0098",
    "type": "single_choice",
    "question_text": "Was versteht man unter solidarischer Haftung?",
    "correct_answer": "Alle haften für die gesamte Schuld; Gläubiger kann einen Gesellschafter für alles in Anspruch nehmen.",
    "topic": "Wiederholung",
    "tags": [
      "external_teacher"
    ],
    "ui": {
      "question_background": "#ECEFF1",
      "badge_color": "#455A64",
      "accent": "#607D8B"
    },
    "source": "external_teacher",
    "origin": "external_teacher",
    "possible_answers": [
      "Alle haften für die gesamte Schuld; Gläubiger kann einen Gesellschafter für alles in Anspruch nehmen."
    ]
  },
  {
    "id": "ext_0099",
    "type": "single_choice",
    "question_text": "Welche Unterschiede bestehen zwischen Vollhafter und Teilhafter in einer KG?",
    "correct_answer": "Komplementär haftet unbeschränkt und führt; Kommanditist haftet bis zur Einlage und führt nicht.",
    "topic": "Wiederholung",
    "tags": [
      "external_teacher"
    ],
    "ui": {
      "question_background": "#ECEFF1",
      "badge_color": "#455A64",
      "accent": "#607D8B"
    },
    "source": "external_teacher",
    "origin": "external_teacher",
    "possible_answers": [
      "Komplementär haftet unbeschränkt und führt; Kommanditist haftet bis zur Einlage und führt nicht."
    ]
  },
  {
    "id": "ext_0100",
    "type": "single_choice",
    "question_text": "Was versteht man unter einer Genossenschaft?",
    "correct_answer": "Juristische Person zur Förderung der Mitglieder; Organe: Generalversammlung, Vorstand, Aufsichtsrat.",
    "topic": "Wiederholung",
    "tags": [
      "external_teacher"
    ],
    "ui": {
      "question_background": "#ECEFF1",
      "badge_color": "#455A64",
      "accent": "#607D8B"
    },
    "source": "external_teacher",
    "origin": "external_teacher",
    "possible_answers": [
      "Juristische Person zur Förderung der Mitglieder; Organe: Generalversammlung, Vorstand, Aufsichtsrat."
    ]
  },
  {
    "id": "ext_0101",
    "type": "single_choice",
    "question_text": "Welche Rechtsform liegt vor?",
    "correct_answer": ": Begriff definieren und 1–2 Merkmale nennen.",
    "topic": "Wiederholung",
    "tags": [
      "external_teacher"
    ],
    "ui": {
      "question_background": "#ECEFF1",
      "badge_color": "#455A64",
      "accent": "#607D8B"
    },
    "source": "external_teacher",
    "origin": "external_teacher",
    "possible_answers": [
      ": Begriff definieren und 1–2 Merkmale nennen."
    ]
  },
  {
    "id": "ext_0102",
    "type": "single_choice",
    "question_text": "Wie haftet sie?",
    "correct_answer": ": Begriff definieren und 1–2 Merkmale nennen.",
    "topic": "Wiederholung",
    "tags": [
      "external_teacher"
    ],
    "ui": {
      "question_background": "#ECEFF1",
      "badge_color": "#455A64",
      "accent": "#607D8B"
    },
    "source": "external_teacher",
    "origin": "external_teacher",
    "possible_answers": [
      ": Begriff definieren und 1–2 Merkmale nennen."
    ]
  },
  {
    "id": "ext_0103",
    "type": "single_choice",
    "question_text": "Welche steuerliche Belastung trifft sie?",
    "correct_answer": ": Begriff definieren und 1–2 Merkmale nennen.",
    "topic": "Wiederholung",
    "tags": [
      "external_teacher"
    ],
    "ui": {
      "question_background": "#ECEFF1",
      "badge_color": "#455A64",
      "accent": "#607D8B"
    },
    "source": "external_teacher",
    "origin": "external_teacher",
    "possible_answers": [
      ": Begriff definieren und 1–2 Merkmale nennen."
    ]
  },
  {
    "id": "ext_0104",
    "type": "single_choice",
    "question_text": "Welche Rechtsform eignet sich, wenn beide gleichberechtigt sein sollen?",
    "correct_answer": ": Begriff definieren und 1–2 Merkmale nennen.",
    "topic": "Wiederholung",
    "tags": [
      "external_teacher"
    ],
    "ui": {
      "question_background": "#ECEFF1",
      "badge_color": "#455A64",
      "accent": "#607D8B"
    },
    "source": "external_teacher",
    "origin": "external_teacher",
    "possible_answers": [
      ": Begriff definieren und 1–2 Merkmale nennen."
    ]
  },
  {
    "id": "ext_0105",
    "type": "single_choice",
    "question_text": "Um welche Rechtsform handelt es sich?",
    "correct_answer": ": Begriff definieren und 1–2 Merkmale nennen.",
    "topic": "Wiederholung",
    "tags": [
      "external_teacher"
    ],
    "ui": {
      "question_background": "#ECEFF1",
      "badge_color": "#455A64",
      "accent": "#607D8B"
    },
    "source": "external_teacher",
    "origin": "external_teacher",
    "possible_answers": [
      ": Begriff definieren und 1–2 Merkmale nennen."
    ]
  },
  {
    "id": "ext_0106",
    "type": "single_choice",
    "question_text": "Welche Rechte und Pflichten hat der Investor?",
    "correct_answer": ": Begriff definieren und 1–2 Merkmale nennen.",
    "topic": "Wiederholung",
    "tags": [
      "external_teacher"
    ],
    "ui": {
      "question_background": "#ECEFF1",
      "badge_color": "#455A64",
      "accent": "#607D8B"
    },
    "source": "external_teacher",
    "origin": "external_teacher",
    "possible_answers": [
      ": Begriff definieren und 1–2 Merkmale nennen."
    ]
  },
  {
    "id": "ext_0107",
    "type": "single_choice",
    "question_text": "Wie hoch ist die Kapitalertragsteuer (27,5 %) auf den ausgeschütteten Gewinn (angenommen: der gesamte Gewinn wird ausgeschüttet)?",
    "correct_answer": ": Begriff definieren und 1–2 Merkmale nennen.",
    "topic": "Wiederholung",
    "tags": [
      "external_teacher"
    ],
    "ui": {
      "question_background": "#ECEFF1",
      "badge_color": "#455A64",
      "accent": "#607D8B"
    },
    "source": "external_teacher",
    "origin": "external_teacher",
    "possible_answers": [
      ": Begriff definieren und 1–2 Merkmale nennen."
    ]
  },
  {
    "id": "ext_0113",
    "type": "single_choice",
    "question_text": "Was versteht man unter dem Irreführungsverbot bei Firmennamen?",
    "correct_answer": "Der Firmenname darf keine falschen Angaben enthalten.",
    "topic": "Wiederholung",
    "tags": [
      "external_teacher"
    ],
    "ui": {
      "question_background": "#ECEFF1",
      "badge_color": "#455A64",
      "accent": "#607D8B"
    },
    "source": "external_teacher",
    "origin": "external_teacher",
    "possible_answers": [
      "Der Firmenname darf keine falschen Angaben enthalten."
    ]
  },
  {
    "id": "ext_0114",
    "type": "single_choice",
    "question_text": "Was ist eine Mischform GmbH & Co KG?",
    "correct_answer": "KG, deren Komplementär eine GmbH ist; operative Leitung durch GmbH, Haftung beschränkt.",
    "topic": "Wiederholung",
    "tags": [
      "external_teacher"
    ],
    "ui": {
      "question_background": "#ECEFF1",
      "badge_color": "#455A64",
      "accent": "#607D8B"
    },
    "source": "external_teacher",
    "origin": "external_teacher",
    "possible_answers": [
      "Haftung privat und gesellschaftlich",
      "KG, deren Komplementär eine GmbH ist; operative Leitung durch GmbH, Haftung beschränkt.",
      "OG mit beschränkter Haftung"
    ]
  },
  {
    "id": "ext_0115",
    "type": "single_choice",
    "question_text": "Gilt er nach UGB als Unternehmer?",
    "correct_answer": ": Begriff definieren und 1–2 Merkmale nennen.",
    "topic": "Wiederholung",
    "tags": [
      "external_teacher"
    ],
    "ui": {
      "question_background": "#ECEFF1",
      "badge_color": "#455A64",
      "accent": "#607D8B"
    },
    "source": "external_teacher",
    "origin": "external_teacher",
    "possible_answers": [
      ": Begriff definieren und 1–2 Merkmale nennen."
    ]
  },
  {
    "id": "ext_0117",
    "type": "single_choice",
    "question_text": "Wie wird der Gewinn versteuert?",
    "correct_answer": ": Begriff definieren und 1–2 Merkmale nennen.",
    "topic": "Wiederholung",
    "tags": [
      "external_teacher"
    ],
    "ui": {
      "question_background": "#ECEFF1",
      "badge_color": "#455A64",
      "accent": "#607D8B"
    },
    "source": "external_teacher",
    "origin": "external_teacher",
    "possible_answers": [
      ": Begriff definieren und 1–2 Merkmale nennen."
    ]
  },
  {
    "id": "ext_0118",
    "type": "single_choice",
    "question_text": "Wie lange haftet Herr Y noch für alte Schulden?",
    "correct_answer": ": Begriff definieren und 1–2 Merkmale nennen.",
    "topic": "Wiederholung",
    "tags": [
      "external_teacher"
    ],
    "ui": {
      "question_background": "#ECEFF1",
      "badge_color": "#455A64",
      "accent": "#607D8B"
    },
    "source": "external_teacher",
    "origin": "external_teacher",
    "possible_answers": [
      ": Begriff definieren und 1–2 Merkmale nennen."
    ]
  },
  {
    "id": "ext_0119",
    "type": "single_choice",
    "question_text": "Welche Vor- und Nachteile hat die OG?",
    "correct_answer": ": Begriff definieren und 1–2 Merkmale nennen.",
    "topic": "Wiederholung",
    "tags": [
      "external_teacher"
    ],
    "ui": {
      "question_background": "#ECEFF1",
      "badge_color": "#455A64",
      "accent": "#607D8B"
    },
    "source": "external_teacher",
    "origin": "external_teacher",
    "possible_answers": [
      ": Begriff definieren und 1–2 Merkmale nennen."
    ]
  },
  {
    "id": "ext_0120",
    "type": "single_choice",
    "question_text": "Wie hoch ist die Mindesteinlage für Gesellschafter?",
    "correct_answer": ": Begriff definieren und 1–2 Merkmale nennen.",
    "topic": "Wiederholung",
    "tags": [
      "external_teacher"
    ],
    "ui": {
      "question_background": "#ECEFF1",
      "badge_color": "#455A64",
      "accent": "#607D8B"
    },
    "source": "external_teacher",
    "origin": "external_teacher",
    "possible_answers": [
      ": Begriff definieren und 1–2 Merkmale nennen."
    ]
  },
  {
    "id": "ext_0121",
    "type": "single_choice",
    "question_text": "Welche Haftung hat der Investor?",
    "correct_answer": ": Begriff definieren und 1–2 Merkmale nennen.",
    "topic": "Wiederholung",
    "tags": [
      "external_teacher"
    ],
    "ui": {
      "question_background": "#ECEFF1",
      "badge_color": "#455A64",
      "accent": "#607D8B"
    },
    "source": "external_teacher",
    "origin": "external_teacher",
    "possible_answers": [
      ": Begriff definieren und 1–2 Merkmale nennen."
    ]
  },
  {
    "id": "ext_0122",
    "type": "single_choice",
    "question_text": "Wer leitet die GmbH?",
    "correct_answer": ": Begriff definieren und 1–2 Merkmale nennen.",
    "topic": "Wiederholung",
    "tags": [
      "external_teacher"
    ],
    "ui": {
      "question_background": "#ECEFF1",
      "badge_color": "#455A64",
      "accent": "#607D8B"
    },
    "source": "external_teacher",
    "origin": "external_teacher",
    "possible_answers": [
      ": Begriff definieren und 1–2 Merkmale nennen."
    ]
  },
  {
    "id": "ext_0123",
    "type": "single_choice",
    "question_text": "Wie hoch ist die Körperschaftsteuer (23 %)?",
    "correct_answer": ": Begriff definieren und 1–2 Merkmale nennen.",
    "topic": "Wiederholung",
    "tags": [
      "external_teacher"
    ],
    "ui": {
      "question_background": "#ECEFF1",
      "badge_color": "#455A64",
      "accent": "#607D8B"
    },
    "source": "external_teacher",
    "origin": "external_teacher",
    "possible_answers": [
      ": Begriff definieren und 1–2 Merkmale nennen."
    ]
  },
  {
    "id": "ext_0124",
    "type": "single_choice",
    "question_text": "Wie hoch ist die gesetzliche Rücklage (5 % des Jahresgewinns, bis 10 % des Grundkapitals erreicht)?",
    "correct_answer": ": Begriff definieren und 1–2 Merkmale nennen.",
    "topic": "Wiederholung",
    "tags": [
      "external_teacher"
    ],
    "ui": {
      "question_background": "#ECEFF1",
      "badge_color": "#455A64",
      "accent": "#607D8B"
    },
    "source": "external_teacher",
    "origin": "external_teacher",
    "possible_answers": [
      ": Begriff definieren und 1–2 Merkmale nennen."
    ]
  },
  {
    "id": "ext_0125",
    "type": "single_choice",
    "question_text": "Wenn 50 % ausgeschüttet werden, wie hoch ist die Kapitalertragsteuer (27,5 %)?",
    "correct_answer": ": Begriff definieren und 1–2 Merkmale nennen.",
    "topic": "Wiederholung",
    "tags": [
      "external_teacher"
    ],
    "ui": {
      "question_background": "#ECEFF1",
      "badge_color": "#455A64",
      "accent": "#607D8B"
    },
    "source": "external_teacher",
    "origin": "external_teacher",
    "possible_answers": [
      ": Begriff definieren und 1–2 Merkmale nennen."
    ]
  },
  {
    "id": "ext_0131",
    "type": "single_choice",
    "question_text": "Was versteht man unter der Fortführung einer Firma?",
    "correct_answer": ": Begriff definieren und 1–2 Merkmale nennen.",
    "topic": "Wiederholung",
    "tags": [
      "external_teacher"
    ],
    "ui": {
      "question_background": "#ECEFF1",
      "badge_color": "#455A64",
      "accent": "#607D8B"
    },
    "source": "external_teacher",
    "origin": "external_teacher",
    "possible_answers": [
      ": Begriff definieren und 1–2 Merkmale nennen."
    ]
  },
  {
    "id": "ext_0132",
    "type": "single_choice",
    "question_text": "Welche Organe gibt es bei einer Genossenschaft und welche Aufgaben haben sie?",
    "correct_answer": "Juristische Person zur Förderung der Mitglieder; Organe: Generalversammlung, Vorstand, Aufsichtsrat.",
    "topic": "Wiederholung",
    "tags": [
      "external_teacher"
    ],
    "ui": {
      "question_background": "#ECEFF1",
      "badge_color": "#455A64",
      "accent": "#607D8B"
    },
    "source": "external_teacher",
    "origin": "external_teacher",
    "possible_answers": [
      "Juristische Person zur Förderung der Mitglieder; Organe: Generalversammlung, Vorstand, Aufsichtsrat."
    ]
  },
  {
    "id": "ext_0133",
    "type": "single_choice",
    "question_text": "Welche Buchführungspflicht trifft ihn?",
    "correct_answer": ": Begriff definieren und 1–2 Merkmale nennen.",
    "topic": "Wiederholung",
    "tags": [
      "external_teacher"
    ],
    "ui": {
      "question_background": "#ECEFF1",
      "badge_color": "#455A64",
      "accent": "#607D8B"
    },
    "source": "external_teacher",
    "origin": "external_teacher",
    "possible_answers": [
      ": Begriff definieren und 1–2 Merkmale nennen."
    ]
  },
  {
    "id": "ext_0134",
    "type": "single_choice",
    "question_text": "Wie haftet er?",
    "correct_answer": ": Begriff definieren und 1–2 Merkmale nennen.",
    "topic": "Wiederholung",
    "tags": [
      "external_teacher"
    ],
    "ui": {
      "question_background": "#ECEFF1",
      "badge_color": "#455A64",
      "accent": "#607D8B"
    },
    "source": "external_teacher",
    "origin": "external_teacher",
    "possible_answers": [
      ": Begriff definieren und 1–2 Merkmale nennen."
    ]
  },
  {
    "id": "ext_0135",
    "type": "single_choice",
    "question_text": "Welche Steuer muss er zahlen?",
    "correct_answer": ": Begriff definieren und 1–2 Merkmale nennen.",
    "topic": "Wiederholung",
    "tags": [
      "external_teacher"
    ],
    "ui": {
      "question_background": "#ECEFF1",
      "badge_color": "#455A64",
      "accent": "#607D8B"
    },
    "source": "external_teacher",
    "origin": "external_teacher",
    "possible_answers": [
      ": Begriff definieren und 1–2 Merkmale nennen."
    ]
  },
  {
    "id": "ext_0136",
    "type": "single_choice",
    "question_text": "Welche Rechtsform ist hier passend?",
    "correct_answer": ": Begriff definieren und 1–2 Merkmale nennen.",
    "topic": "Wiederholung",
    "tags": [
      "external_teacher"
    ],
    "ui": {
      "question_background": "#ECEFF1",
      "badge_color": "#455A64",
      "accent": "#607D8B"
    },
    "source": "external_teacher",
    "origin": "external_teacher",
    "possible_answers": [
      ": Begriff definieren und 1–2 Merkmale nennen."
    ]
  },
  {
    "id": "ext_0137",
    "type": "single_choice",
    "question_text": "Wie haften beide?",
    "correct_answer": ": Begriff definieren und 1–2 Merkmale nennen.",
    "topic": "Wiederholung",
    "tags": [
      "external_teacher"
    ],
    "ui": {
      "question_background": "#ECEFF1",
      "badge_color": "#455A64",
      "accent": "#607D8B"
    },
    "source": "external_teacher",
    "origin": "external_teacher",
    "possible_answers": [
      ": Begriff definieren und 1–2 Merkmale nennen."
    ]
  },
  {
    "id": "ext_0138",
    "type": "single_choice",
    "question_text": "Wer darf leiten?",
    "correct_answer": ": Begriff definieren und 1–2 Merkmale nennen.",
    "topic": "Wiederholung",
    "tags": [
      "external_teacher"
    ],
    "ui": {
      "question_background": "#ECEFF1",
      "badge_color": "#455A64",
      "accent": "#607D8B"
    },
    "source": "external_teacher",
    "origin": "external_teacher",
    "possible_answers": [
      ": Begriff definieren und 1–2 Merkmale nennen."
    ]
  },
  {
    "id": "ext_0140",
    "type": "single_choice",
    "question_text": "Wie viel bleibt als ausschüttbarer Gewinn?",
    "correct_answer": ": Begriff definieren und 1–2 Merkmale nennen.",
    "topic": "Wiederholung",
    "tags": [
      "external_teacher"
    ],
    "ui": {
      "question_background": "#ECEFF1",
      "badge_color": "#455A64",
      "accent": "#607D8B"
    },
    "source": "external_teacher",
    "origin": "external_teacher",
    "possible_answers": [
      ": Begriff definieren und 1–2 Merkmale nennen."
    ]
  },
  {
    "id": "ext_0141",
    "type": "single_choice",
    "question_text": "Wie hoch ist die KESt (27,5 %), wenn der gesamte Gewinn ausgeschüttet wird?",
    "correct_answer": ": Begriff definieren und 1–2 Merkmale nennen.",
    "topic": "Wiederholung",
    "tags": [
      "external_teacher"
    ],
    "ui": {
      "question_background": "#ECEFF1",
      "badge_color": "#455A64",
      "accent": "#607D8B"
    },
    "source": "external_teacher",
    "origin": "external_teacher",
    "possible_answers": [
      ": Begriff definieren und 1–2 Merkmale nennen."
    ]
  },
  {
    "id": "ext_0142",
    "type": "single_choice",
    "question_text": "Wie hoch ist die gesetzliche Rücklage (5 %)?",
    "correct_answer": ": Begriff definieren und 1–2 Merkmale nennen.",
    "topic": "Wiederholung",
    "tags": [
      "external_teacher"
    ],
    "ui": {
      "question_background": "#ECEFF1",
      "badge_color": "#455A64",
      "accent": "#607D8B"
    },
    "source": "external_teacher",
    "origin": "external_teacher",
    "possible_answers": [
      ": Begriff definieren und 1–2 Merkmale nennen."
    ]
  },
  {
    "id": "ext_0143",
    "type": "single_choice",
    "question_text": "Wie viel Gewinn kann maximal als Dividende ausgeschüttet werden, wenn die Hälfte zurückgelegt wird?",
    "correct_answer": ": Begriff definieren und 1–2 Merkmale nennen.",
    "topic": "Wiederholung",
    "tags": [
      "external_teacher"
    ],
    "ui": {
      "question_background": "#ECEFF1",
      "badge_color": "#455A64",
      "accent": "#607D8B"
    },
    "source": "external_teacher",
    "origin": "external_teacher",
    "possible_answers": [
      ": Begriff definieren und 1–2 Merkmale nennen."
    ]
  },
  {
    "id": "ext_0144",
    "type": "single_choice",
    "question_text": "Wie hoch ist die KESt (27,5 %) auf diese Ausschüttung?",
    "correct_answer": ": Begriff definieren und 1–2 Merkmale nennen.",
    "topic": "Wiederholung",
    "tags": [
      "external_teacher"
    ],
    "ui": {
      "question_background": "#ECEFF1",
      "badge_color": "#455A64",
      "accent": "#607D8B"
    },
    "source": "external_teacher",
    "origin": "external_teacher",
    "possible_answers": [
      ": Begriff definieren und 1–2 Merkmale nennen."
    ]
  },
  {
    "id": "ext_0145",
    "type": "single_choice",
    "question_text": "Was ist ein Unternehmer?",
    "correct_answer": ": Begriff definieren und 1–2 Merkmale nennen.",
    "topic": "Wiederholung",
    "tags": [
      "external_teacher"
    ],
    "ui": {
      "question_background": "#ECEFF1",
      "badge_color": "#455A64",
      "accent": "#607D8B"
    },
    "source": "external_teacher",
    "origin": "external_teacher",
    "possible_answers": [
      ": Begriff definieren und 1–2 Merkmale nennen."
    ]
  },
  {
    "id": "ext_0146",
    "type": "single_choice",
    "question_text": "Was ist Außenhandel?",
    "correct_answer": ": Begriff definieren und 1–2 Merkmale nennen.",
    "topic": "Wiederholung",
    "tags": [
      "external_teacher"
    ],
    "ui": {
      "question_background": "#ECEFF1",
      "badge_color": "#455A64",
      "accent": "#607D8B"
    },
    "source": "external_teacher",
    "origin": "external_teacher",
    "possible_answers": [
      ": Begriff definieren und 1–2 Merkmale nennen."
    ]
  },
  {
    "id": "ext_0147",
    "type": "single_choice",
    "question_text": "Was ist Marktforschung?",
    "correct_answer": ": Begriff definieren und 1–2 Merkmale nennen.",
    "topic": "Wiederholung",
    "tags": [
      "external_teacher"
    ],
    "ui": {
      "question_background": "#ECEFF1",
      "badge_color": "#455A64",
      "accent": "#607D8B"
    },
    "source": "external_teacher",
    "origin": "external_teacher",
    "possible_answers": [
      ": Begriff definieren und 1–2 Merkmale nennen."
    ]
  },
  {
    "id": "ext_0148",
    "type": "single_choice",
    "question_text": "das sind alle inhalte aus allen 4 dateien inkl. alle inhalte der bilder?",
    "correct_answer": ": Begriff definieren und 1–2 Merkmale nennen.",
    "topic": "Wiederholung",
    "tags": [
      "external_teacher"
    ],
    "ui": {
      "question_background": "#ECEFF1",
      "badge_color": "#455A64",
      "accent": "#607D8B"
    },
    "source": "external_teacher",
    "origin": "external_teacher",
    "possible_answers": [
      ": Begriff definieren und 1–2 Merkmale nennen."
    ]
  },
  {
    "id": "ext_0150",
    "type": "single_choice",
    "question_text": "Was bekommst du?",
    "correct_answer": ": Begriff definieren und 1–2 Merkmale nennen.",
    "topic": "Wiederholung",
    "tags": [
      "external_teacher"
    ],
    "ui": {
      "question_background": "#ECEFF1",
      "badge_color": "#455A64",
      "accent": "#607D8B"
    },
    "source": "external_teacher",
    "origin": "external_teacher",
    "possible_answers": [
      ": Begriff definieren und 1–2 Merkmale nennen."
    ]
  },
  {
    "id": "ext_0151",
    "type": "single_choice",
    "question_text": "Möchtest du ein bestimmtes Kapitel/Thema zuerst? Oder alles am Stück als Mehrteiler?",
    "correct_answer": ": Begriff definieren und 1–2 Merkmale nennen.",
    "topic": "Wiederholung",
    "tags": [
      "external_teacher"
    ],
    "ui": {
      "question_background": "#ECEFF1",
      "badge_color": "#455A64",
      "accent": "#607D8B"
    },
    "source": "external_teacher",
    "origin": "external_teacher",
    "possible_answers": [
      ": Begriff definieren und 1–2 Merkmale nennen."
    ]
  },
  {
    "id": "ext_0152",
    "type": "single_choice",
    "question_text": "Soll ich jedes Kapitel als Markdown-Datei, als Fließtext mit Formatierung, oder als ein einziges großes Dokument bereitstellen?",
    "correct_answer": ": Begriff definieren und 1–2 Merkmale nennen.",
    "topic": "Wiederholung",
    "tags": [
      "external_teacher"
    ],
    "ui": {
      "question_background": "#ECEFF1",
      "badge_color": "#455A64",
      "accent": "#607D8B"
    },
    "source": "external_teacher",
    "origin": "external_teacher",
    "possible_answers": [
      ": Begriff definieren und 1–2 Merkmale nennen."
    ]
  },
  {
    "id": "ext_0153",
    "type": "single_choice",
    "question_text": "Wer ist ein Unternehmer?",
    "correct_answer": ": Begriff definieren und 1–2 Merkmale nennen.",
    "topic": "Wiederholung",
    "tags": [
      "external_teacher"
    ],
    "ui": {
      "question_background": "#ECEFF1",
      "badge_color": "#455A64",
      "accent": "#607D8B"
    },
    "source": "external_teacher",
    "origin": "external_teacher",
    "possible_answers": [
      ": Begriff definieren und 1–2 Merkmale nennen."
    ]
  },
  {
    "id": "ext_0154",
    "type": "single_choice",
    "question_text": "Was ist ein Unternehmen?",
    "correct_answer": ": Begriff definieren und 1–2 Merkmale nennen.",
    "topic": "Wiederholung",
    "tags": [
      "external_teacher"
    ],
    "ui": {
      "question_background": "#ECEFF1",
      "badge_color": "#455A64",
      "accent": "#607D8B"
    },
    "source": "external_teacher",
    "origin": "external_teacher",
    "possible_answers": [
      ": Begriff definieren und 1–2 Merkmale nennen."
    ]
  },
  {
    "id": "ext_0155",
    "type": "single_choice",
    "question_text": "Was ist eine Firma?",
    "correct_answer": ": Begriff definieren und 1–2 Merkmale nennen.",
    "topic": "Wiederholung",
    "tags": [
      "external_teacher"
    ],
    "ui": {
      "question_background": "#ECEFF1",
      "badge_color": "#455A64",
      "accent": "#607D8B"
    },
    "source": "external_teacher",
    "origin": "external_teacher",
    "possible_answers": [
      ": Begriff definieren und 1–2 Merkmale nennen."
    ]
  },
  {
    "id": "ext_0156",
    "type": "single_choice",
    "question_text": "Was ist das Firmenbuch?",
    "correct_answer": ": Begriff definieren und 1–2 Merkmale nennen.",
    "topic": "Wiederholung",
    "tags": [
      "external_teacher"
    ],
    "ui": {
      "question_background": "#ECEFF1",
      "badge_color": "#455A64",
      "accent": "#607D8B"
    },
    "source": "external_teacher",
    "origin": "external_teacher",
    "possible_answers": [
      ": Begriff definieren und 1–2 Merkmale nennen."
    ]
  },
  {
    "id": "ext_0157",
    "type": "single_choice",
    "question_text": "Wichtige Info?",
    "correct_answer": ": Begriff definieren und 1–2 Merkmale nennen.",
    "topic": "Wiederholung",
    "tags": [
      "external_teacher"
    ],
    "ui": {
      "question_background": "#ECEFF1",
      "badge_color": "#455A64",
      "accent": "#607D8B"
    },
    "source": "external_teacher",
    "origin": "external_teacher",
    "possible_answers": [
      ": Begriff definieren und 1–2 Merkmale nennen."
    ]
  },
  {
    "id": "ext_0158",
    "type": "single_choice",
    "question_text": "Was ist die Prokura?",
    "correct_answer": ": Begriff definieren und 1–2 Merkmale nennen.",
    "topic": "Wiederholung",
    "tags": [
      "external_teacher"
    ],
    "ui": {
      "question_background": "#ECEFF1",
      "badge_color": "#455A64",
      "accent": "#607D8B"
    },
    "source": "external_teacher",
    "origin": "external_teacher",
    "possible_answers": [
      ": Begriff definieren und 1–2 Merkmale nennen."
    ]
  },
  {
    "id": "ext_0159",
    "type": "single_choice",
    "question_text": "Wie heißt so jemand, wenn er es bekommt?",
    "correct_answer": ": Begriff definieren und 1–2 Merkmale nennen.",
    "topic": "Wiederholung",
    "tags": [
      "external_teacher"
    ],
    "ui": {
      "question_background": "#ECEFF1",
      "badge_color": "#455A64",
      "accent": "#607D8B"
    },
    "source": "external_teacher",
    "origin": "external_teacher",
    "possible_answers": [
      ": Begriff definieren und 1–2 Merkmale nennen."
    ]
  },
  {
    "id": "ext_0160",
    "type": "single_choice",
    "question_text": "Was kann jedoch trotzdem passieren?",
    "correct_answer": ": Begriff definieren und 1–2 Merkmale nennen.",
    "topic": "Wiederholung",
    "tags": [
      "external_teacher"
    ],
    "ui": {
      "question_background": "#ECEFF1",
      "badge_color": "#455A64",
      "accent": "#607D8B"
    },
    "source": "external_teacher",
    "origin": "external_teacher",
    "possible_answers": [
      ": Begriff definieren und 1–2 Merkmale nennen."
    ]
  },
  {
    "id": "ext_0161",
    "type": "single_choice",
    "question_text": "Wie unterschreibt ein Prokurist?",
    "correct_answer": ": Begriff definieren und 1–2 Merkmale nennen.",
    "topic": "Wiederholung",
    "tags": [
      "external_teacher"
    ],
    "ui": {
      "question_background": "#ECEFF1",
      "badge_color": "#455A64",
      "accent": "#607D8B"
    },
    "source": "external_teacher",
    "origin": "external_teacher",
    "possible_answers": [
      ": Begriff definieren und 1–2 Merkmale nennen."
    ]
  },
  {
    "id": "ext_0162",
    "type": "single_choice",
    "question_text": "Wann erlischt die Prokura?",
    "correct_answer": ": Begriff definieren und 1–2 Merkmale nennen.",
    "topic": "Wiederholung",
    "tags": [
      "external_teacher"
    ],
    "ui": {
      "question_background": "#ECEFF1",
      "badge_color": "#455A64",
      "accent": "#607D8B"
    },
    "source": "external_teacher",
    "origin": "external_teacher",
    "possible_answers": [
      ": Begriff definieren und 1–2 Merkmale nennen."
    ]
  },
  {
    "id": "ext_0164",
    "type": "single_choice",
    "question_text": "Was ist die Handlungsvollmacht?",
    "correct_answer": ": Begriff definieren und 1–2 Merkmale nennen.",
    "topic": "Wiederholung",
    "tags": [
      "external_teacher"
    ],
    "ui": {
      "question_background": "#ECEFF1",
      "badge_color": "#455A64",
      "accent": "#607D8B"
    },
    "source": "external_teacher",
    "origin": "external_teacher",
    "possible_answers": [
      ": Begriff definieren und 1–2 Merkmale nennen."
    ]
  },
  {
    "id": "ext_0165",
    "type": "single_choice",
    "question_text": "Wie unterschreibt man bei einer Handlungsvollmacht?",
    "correct_answer": ": Begriff definieren und 1–2 Merkmale nennen.",
    "topic": "Wiederholung",
    "tags": [
      "external_teacher"
    ],
    "ui": {
      "question_background": "#ECEFF1",
      "badge_color": "#455A64",
      "accent": "#607D8B"
    },
    "source": "external_teacher",
    "origin": "external_teacher",
    "possible_answers": [
      ": Begriff definieren und 1–2 Merkmale nennen."
    ]
  },
  {
    "id": "ext_0166",
    "type": "single_choice",
    "question_text": "Wann erlischt die Handlungsvollmacht?",
    "correct_answer": ": Begriff definieren und 1–2 Merkmale nennen.",
    "topic": "Wiederholung",
    "tags": [
      "external_teacher"
    ],
    "ui": {
      "question_background": "#ECEFF1",
      "badge_color": "#455A64",
      "accent": "#607D8B"
    },
    "source": "external_teacher",
    "origin": "external_teacher",
    "possible_answers": [
      ": Begriff definieren und 1–2 Merkmale nennen."
    ]
  },
  {
    "id": "ext_0167",
    "type": "single_choice",
    "question_text": "Wann liegt ein echter Arbeitsauftrag vor?",
    "correct_answer": ": Begriff definieren und 1–2 Merkmale nennen.",
    "topic": "Wiederholung",
    "tags": [
      "external_teacher"
    ],
    "ui": {
      "question_background": "#ECEFF1",
      "badge_color": "#455A64",
      "accent": "#607D8B"
    },
    "source": "external_teacher",
    "origin": "external_teacher",
    "possible_answers": [
      ": Begriff definieren und 1–2 Merkmale nennen."
    ]
  },
  {
    "id": "ext_0168",
    "type": "single_choice",
    "question_text": "Was muss der Arbeitnehmer tun?",
    "correct_answer": ": Begriff definieren und 1–2 Merkmale nennen.",
    "topic": "Wiederholung",
    "tags": [
      "external_teacher"
    ],
    "ui": {
      "question_background": "#ECEFF1",
      "badge_color": "#455A64",
      "accent": "#607D8B"
    },
    "source": "external_teacher",
    "origin": "external_teacher",
    "possible_answers": [
      ": Begriff definieren und 1–2 Merkmale nennen."
    ]
  },
  {
    "id": "ext_0169",
    "type": "single_choice",
    "question_text": "Wovor schützt die Sozialversicherung?",
    "correct_answer": ": Begriff definieren und 1–2 Merkmale nennen.",
    "topic": "Wiederholung",
    "tags": [
      "external_teacher"
    ],
    "ui": {
      "question_background": "#ECEFF1",
      "badge_color": "#455A64",
      "accent": "#607D8B"
    },
    "source": "external_teacher",
    "origin": "external_teacher",
    "possible_answers": [
      ": Begriff definieren und 1–2 Merkmale nennen."
    ]
  },
  {
    "id": "ext_0170",
    "type": "single_choice",
    "question_text": "Wann liegt ein freier Dienstvertrag vor?",
    "correct_answer": ": Begriff definieren und 1–2 Merkmale nennen.",
    "topic": "Wiederholung",
    "tags": [
      "external_teacher"
    ],
    "ui": {
      "question_background": "#ECEFF1",
      "badge_color": "#455A64",
      "accent": "#607D8B"
    },
    "source": "external_teacher",
    "origin": "external_teacher",
    "possible_answers": [
      ": Begriff definieren und 1–2 Merkmale nennen."
    ]
  },
  {
    "id": "ext_0171",
    "type": "single_choice",
    "question_text": "Was kann der freie Dienstnehmer?",
    "correct_answer": ": Begriff definieren und 1–2 Merkmale nennen.",
    "topic": "Wiederholung",
    "tags": [
      "external_teacher"
    ],
    "ui": {
      "question_background": "#ECEFF1",
      "badge_color": "#455A64",
      "accent": "#607D8B"
    },
    "source": "external_teacher",
    "origin": "external_teacher",
    "possible_answers": [
      ": Begriff definieren und 1–2 Merkmale nennen."
    ]
  },
  {
    "id": "ext_0172",
    "type": "single_choice",
    "question_text": "Wann liegt ein Werkvertrag vor?",
    "correct_answer": ": Begriff definieren und 1–2 Merkmale nennen.",
    "topic": "Wiederholung",
    "tags": [
      "external_teacher"
    ],
    "ui": {
      "question_background": "#ECEFF1",
      "badge_color": "#455A64",
      "accent": "#607D8B"
    },
    "source": "external_teacher",
    "origin": "external_teacher",
    "possible_answers": [
      ": Begriff definieren und 1–2 Merkmale nennen."
    ]
  },
  {
    "id": "ext_0173",
    "type": "single_choice",
    "question_text": "Was kann der Werkvertragsnehmer?",
    "correct_answer": ": Begriff definieren und 1–2 Merkmale nennen.",
    "topic": "Wiederholung",
    "tags": [
      "external_teacher"
    ],
    "ui": {
      "question_background": "#ECEFF1",
      "badge_color": "#455A64",
      "accent": "#607D8B"
    },
    "source": "external_teacher",
    "origin": "external_teacher",
    "possible_answers": [
      ": Begriff definieren und 1–2 Merkmale nennen."
    ]
  },
  {
    "id": "ext_0174",
    "type": "single_choice",
    "question_text": "Möchtest du mit dem nächsten Abschnitt fortfahren (z. B. \"Außenhandel & internationale Verträge\", \"Marketing, Marktforschung\", \"Beschaffungs- und Warenwirtschaft\")?",
    "correct_answer": ": Begriff definieren und 1–2 Merkmale nennen.",
    "topic": "Wiederholung",
    "tags": [
      "external_teacher"
    ],
    "ui": {
      "question_background": "#ECEFF1",
      "badge_color": "#455A64",
      "accent": "#607D8B"
    },
    "source": "external_teacher",
    "origin": "external_teacher",
    "possible_answers": [
      ": Begriff definieren und 1–2 Merkmale nennen."
    ]
  },
  {
    "id": "ext_0178",
    "type": "single_choice",
    "question_text": "Was ist Marketing?",
    "correct_answer": ": Begriff definieren und 1–2 Merkmale nennen.",
    "topic": "Wiederholung",
    "tags": [
      "external_teacher"
    ],
    "ui": {
      "question_background": "#ECEFF1",
      "badge_color": "#455A64",
      "accent": "#607D8B"
    },
    "source": "external_teacher",
    "origin": "external_teacher",
    "possible_answers": [
      ": Begriff definieren und 1–2 Merkmale nennen."
    ]
  },
  {
    "id": "ext_0179",
    "type": "single_choice",
    "question_text": "Ich fahre mit der Extraktion fort. Möchtest du den nächsten Block mit weiteren 25 Fragen, oder zuerst das App-Starterpaket?",
    "correct_answer": ": Begriff definieren und 1–2 Merkmale nennen.",
    "topic": "Wiederholung",
    "tags": [
      "external_teacher"
    ],
    "ui": {
      "question_background": "#ECEFF1",
      "badge_color": "#455A64",
      "accent": "#607D8B"
    },
    "source": "external_teacher",
    "origin": "external_teacher",
    "possible_answers": [
      ": Begriff definieren und 1–2 Merkmale nennen."
    ]
  },
  {
    "id": "ext_0180",
    "type": "single_choice",
    "question_text": "1.Was ist bei der Fortführung eines Unternehmens zu beachten?",
    "correct_answer": ": Begriff definieren und 1–2 Merkmale nennen.",
    "topic": "Lernfragen",
    "tags": [
      "external_teacher"
    ],
    "ui": {
      "question_background": "#ECEFF1",
      "badge_color": "#455A64",
      "accent": "#607D8B"
    },
    "source": "external_teacher",
    "origin": "external_teacher",
    "possible_answers": [
      ": Begriff definieren und 1–2 Merkmale nennen."
    ]
  },
  {
    "id": "ext_0181",
    "type": "single_choice",
    "question_text": "3. Was ist eine Firma?",
    "correct_answer": ": Begriff definieren und 1–2 Merkmale nennen.",
    "topic": "Lernfragen",
    "tags": [
      "external_teacher"
    ],
    "ui": {
      "question_background": "#ECEFF1",
      "badge_color": "#455A64",
      "accent": "#607D8B"
    },
    "source": "external_teacher",
    "origin": "external_teacher",
    "possible_answers": [
      ": Begriff definieren und 1–2 Merkmale nennen."
    ]
  },
  {
    "id": "ext_0182",
    "type": "single_choice",
    "question_text": "4. Welche Arten der Rechtsformen gibt es?",
    "correct_answer": ": Begriff definieren und 1–2 Merkmale nennen.",
    "topic": "Lernfragen",
    "tags": [
      "external_teacher"
    ],
    "ui": {
      "question_background": "#ECEFF1",
      "badge_color": "#455A64",
      "accent": "#607D8B"
    },
    "source": "external_teacher",
    "origin": "external_teacher",
    "possible_answers": [
      ": Begriff definieren und 1–2 Merkmale nennen."
    ]
  },
  {
    "id": "ext_0183",
    "type": "single_choice",
    "question_text": "6. Welche Arten von Genossenschaften gibt es?",
    "correct_answer": "Juristische Person zur Förderung der Mitglieder; Organe: Generalversammlung, Vorstand, Aufsichtsrat.",
    "topic": "Lernfragen",
    "tags": [
      "external_teacher"
    ],
    "ui": {
      "question_background": "#ECEFF1",
      "badge_color": "#455A64",
      "accent": "#607D8B"
    },
    "source": "external_teacher",
    "origin": "external_teacher",
    "possible_answers": [
      "Juristische Person zur Förderung der Mitglieder; Organe: Generalversammlung, Vorstand, Aufsichtsrat."
    ]
  },
  {
    "id": "ext_0184",
    "type": "single_choice",
    "question_text": "7. Haftung - was ist das?",
    "correct_answer": ": Begriff definieren und 1–2 Merkmale nennen.",
    "topic": "Lernfragen",
    "tags": [
      "external_teacher"
    ],
    "ui": {
      "question_background": "#ECEFF1",
      "badge_color": "#455A64",
      "accent": "#607D8B"
    },
    "source": "external_teacher",
    "origin": "external_teacher",
    "possible_answers": [
      ": Begriff definieren und 1–2 Merkmale nennen."
    ]
  },
  {
    "id": "ext_0185",
    "type": "single_choice",
    "question_text": "8. Ordentliche Hauptversammlung - was passiert da, was ist zu beachten?",
    "correct_answer": ": Begriff definieren und 1–2 Merkmale nennen.",
    "topic": "Lernfragen",
    "tags": [
      "external_teacher"
    ],
    "ui": {
      "question_background": "#ECEFF1",
      "badge_color": "#455A64",
      "accent": "#607D8B"
    },
    "source": "external_teacher",
    "origin": "external_teacher",
    "possible_answers": [
      ": Begriff definieren und 1–2 Merkmale nennen."
    ]
  },
  {
    "id": "ext_0186",
    "type": "single_choice",
    "question_text": "14. Welche Bestandteile hat das Firmenbuch?",
    "correct_answer": ": Begriff definieren und 1–2 Merkmale nennen.",
    "topic": "Lernfragen",
    "tags": [
      "external_teacher"
    ],
    "ui": {
      "question_background": "#ECEFF1",
      "badge_color": "#455A64",
      "accent": "#607D8B"
    },
    "source": "external_teacher",
    "origin": "external_teacher",
    "possible_answers": [
      ": Begriff definieren und 1–2 Merkmale nennen."
    ]
  },
  {
    "id": "ext_0187",
    "type": "single_choice",
    "question_text": "15. Welche Arten von Firmen gibt es?",
    "correct_answer": ": Begriff definieren und 1–2 Merkmale nennen.",
    "topic": "Lernfragen",
    "tags": [
      "external_teacher"
    ],
    "ui": {
      "question_background": "#ECEFF1",
      "badge_color": "#455A64",
      "accent": "#607D8B"
    },
    "source": "external_teacher",
    "origin": "external_teacher",
    "possible_answers": [
      ": Begriff definieren und 1–2 Merkmale nennen."
    ]
  },
  {
    "id": "ext_0188",
    "type": "single_choice",
    "question_text": "Allein oder mehr?",
    "correct_answer": ": Begriff definieren und 1–2 Merkmale nennen.",
    "topic": "Lernfragen",
    "tags": [
      "external_teacher"
    ],
    "ui": {
      "question_background": "#ECEFF1",
      "badge_color": "#455A64",
      "accent": "#607D8B"
    },
    "source": "external_teacher",
    "origin": "external_teacher",
    "possible_answers": [
      ": Begriff definieren und 1–2 Merkmale nennen."
    ]
  },
  {
    "id": "ext_0189",
    "type": "single_choice",
    "question_text": "Wie viel braucht man?",
    "correct_answer": ": Begriff definieren und 1–2 Merkmale nennen.",
    "topic": "Lernfragen",
    "tags": [
      "external_teacher"
    ],
    "ui": {
      "question_background": "#ECEFF1",
      "badge_color": "#455A64",
      "accent": "#607D8B"
    },
    "source": "external_teacher",
    "origin": "external_teacher",
    "possible_answers": [
      ": Begriff definieren und 1–2 Merkmale nennen."
    ]
  },
  {
    "id": "ext_0190",
    "type": "single_choice",
    "question_text": "Wer haftet?",
    "correct_answer": ": Begriff definieren und 1–2 Merkmale nennen.",
    "topic": "Lernfragen",
    "tags": [
      "external_teacher"
    ],
    "ui": {
      "question_background": "#ECEFF1",
      "badge_color": "#455A64",
      "accent": "#607D8B"
    },
    "source": "external_teacher",
    "origin": "external_teacher",
    "possible_answers": [
      ": Begriff definieren und 1–2 Merkmale nennen."
    ]
  },
  {
    "id": "ext_0191",
    "type": "single_choice",
    "question_text": "Wer führt?",
    "correct_answer": ": Begriff definieren und 1–2 Merkmale nennen.",
    "topic": "Lernfragen",
    "tags": [
      "external_teacher"
    ],
    "ui": {
      "question_background": "#ECEFF1",
      "badge_color": "#455A64",
      "accent": "#607D8B"
    },
    "source": "external_teacher",
    "origin": "external_teacher",
    "possible_answers": [
      ": Begriff definieren und 1–2 Merkmale nennen."
    ]
  },
  {
    "id": "ext_0192",
    "type": "single_choice",
    "question_text": "18. Wie berechne ich die Steuerbelastung?",
    "correct_answer": ": Begriff definieren und 1–2 Merkmale nennen.",
    "topic": "Lernfragen",
    "tags": [
      "external_teacher"
    ],
    "ui": {
      "question_background": "#ECEFF1",
      "badge_color": "#455A64",
      "accent": "#607D8B"
    },
    "source": "external_teacher",
    "origin": "external_teacher",
    "possible_answers": [
      ": Begriff definieren und 1–2 Merkmale nennen."
    ]
  },
  {
    "id": "ext_0193",
    "type": "single_choice",
    "question_text": "19. Firmenbuch - was ist das?",
    "correct_answer": ": Begriff definieren und 1–2 Merkmale nennen.",
    "topic": "Lernfragen",
    "tags": [
      "external_teacher"
    ],
    "ui": {
      "question_background": "#ECEFF1",
      "badge_color": "#455A64",
      "accent": "#607D8B"
    },
    "source": "external_teacher",
    "origin": "external_teacher",
    "possible_answers": [
      ": Begriff definieren und 1–2 Merkmale nennen."
    ]
  },
  {
    "id": "ext_0194",
    "type": "single_choice",
    "question_text": "20. Ertragssteuerliche Belastung - wer zahlt's?",
    "correct_answer": ": Begriff definieren und 1–2 Merkmale nennen.",
    "topic": "Lernfragen",
    "tags": [
      "external_teacher"
    ],
    "ui": {
      "question_background": "#ECEFF1",
      "badge_color": "#455A64",
      "accent": "#607D8B"
    },
    "source": "external_teacher",
    "origin": "external_teacher",
    "possible_answers": [
      ": Begriff definieren und 1–2 Merkmale nennen."
    ]
  },
  {
    "id": "ext_0195",
    "type": "single_choice",
    "question_text": "23. Kontrolle und Erfolgsverteilung?",
    "correct_answer": ": Begriff definieren und 1–2 Merkmale nennen.",
    "topic": "Lernfragen",
    "tags": [
      "external_teacher"
    ],
    "ui": {
      "question_background": "#ECEFF1",
      "badge_color": "#455A64",
      "accent": "#607D8B"
    },
    "source": "external_teacher",
    "origin": "external_teacher",
    "possible_answers": [
      ": Begriff definieren und 1–2 Merkmale nennen."
    ]
  },
  {
    "id": "ext_0196",
    "type": "single_choice",
    "question_text": "24. Wie setzt sich der Firmenname zusammen?",
    "correct_answer": ": Begriff definieren und 1–2 Merkmale nennen.",
    "topic": "Lernfragen",
    "tags": [
      "external_teacher"
    ],
    "ui": {
      "question_background": "#ECEFF1",
      "badge_color": "#455A64",
      "accent": "#607D8B"
    },
    "source": "external_teacher",
    "origin": "external_teacher",
    "possible_answers": [
      ": Begriff definieren und 1–2 Merkmale nennen."
    ]
  },
  {
    "id": "ext_0197",
    "type": "single_choice",
    "question_text": "25. Personengesellschaften - was ist daran wichtig?",
    "correct_answer": ": Begriff definieren und 1–2 Merkmale nennen.",
    "topic": "Lernfragen",
    "tags": [
      "external_teacher"
    ],
    "ui": {
      "question_background": "#ECEFF1",
      "badge_color": "#455A64",
      "accent": "#607D8B"
    },
    "source": "external_teacher",
    "origin": "external_teacher",
    "possible_answers": [
      ": Begriff definieren und 1–2 Merkmale nennen."
    ]
  },
  {
    "id": "ext_0198",
    "type": "single_choice",
    "question_text": "26. Mischform: GmbH & Co KG - was ist das?",
    "correct_answer": ": Begriff definieren und 1–2 Merkmale nennen.",
    "topic": "Lernfragen",
    "tags": [
      "external_teacher"
    ],
    "ui": {
      "question_background": "#ECEFF1",
      "badge_color": "#455A64",
      "accent": "#607D8B"
    },
    "source": "external_teacher",
    "origin": "external_teacher",
    "possible_answers": [
      ": Begriff definieren und 1–2 Merkmale nennen."
    ]
  },
  {
    "id": "ext_0199",
    "type": "single_choice",
    "question_text": "27. Buchführung - welche gibt es?",
    "correct_answer": ": Begriff definieren und 1–2 Merkmale nennen.",
    "topic": "Lernfragen",
    "tags": [
      "external_teacher"
    ],
    "ui": {
      "question_background": "#ECEFF1",
      "badge_color": "#455A64",
      "accent": "#607D8B"
    },
    "source": "external_teacher",
    "origin": "external_teacher",
    "possible_answers": [
      ": Begriff definieren und 1–2 Merkmale nennen."
    ]
  },
  {
    "id": "ext_0200",
    "type": "single_choice",
    "question_text": "28. Genossenschaften - was sind sie?",
    "correct_answer": "Juristische Person zur Förderung der Mitglieder; Organe: Generalversammlung, Vorstand, Aufsichtsrat.",
    "topic": "Lernfragen",
    "tags": [
      "external_teacher"
    ],
    "ui": {
      "question_background": "#ECEFF1",
      "badge_color": "#455A64",
      "accent": "#607D8B"
    },
    "source": "external_teacher",
    "origin": "external_teacher",
    "possible_answers": [
      "Juristische Person zur Förderung der Mitglieder; Organe: Generalversammlung, Vorstand, Aufsichtsrat."
    ]
  },
  {
    "id": "ext_0201",
    "type": "single_choice",
    "question_text": "29. Eintragung ins Firmenbuch - wann ist sie verpflichtend, wann freiwillig?",
    "correct_answer": ": Begriff definieren und 1–2 Merkmale nennen.",
    "topic": "Lernfragen",
    "tags": [
      "external_teacher"
    ],
    "ui": {
      "question_background": "#ECEFF1",
      "badge_color": "#455A64",
      "accent": "#607D8B"
    },
    "source": "external_teacher",
    "origin": "external_teacher",
    "possible_answers": [
      ": Begriff definieren und 1–2 Merkmale nennen."
    ]
  },
  {
    "id": "ext_0202",
    "type": "single_choice",
    "question_text": "30. Was ist ein Firmenkern und was der Firmenzusatz?",
    "correct_answer": ": Begriff definieren und 1–2 Merkmale nennen.",
    "topic": "Lernfragen",
    "tags": [
      "external_teacher"
    ],
    "ui": {
      "question_background": "#ECEFF1",
      "badge_color": "#455A64",
      "accent": "#607D8B"
    },
    "source": "external_teacher",
    "origin": "external_teacher",
    "possible_answers": [
      ": Begriff definieren und 1–2 Merkmale nennen."
    ]
  },
  {
    "id": "ext_0203",
    "type": "single_choice",
    "question_text": "31. Wo wird eine Erfolgsverteilung beschlossen?",
    "correct_answer": ": Begriff definieren und 1–2 Merkmale nennen.",
    "topic": "Lernfragen",
    "tags": [
      "external_teacher"
    ],
    "ui": {
      "question_background": "#ECEFF1",
      "badge_color": "#455A64",
      "accent": "#607D8B"
    },
    "source": "external_teacher",
    "origin": "external_teacher",
    "possible_answers": [
      ": Begriff definieren und 1–2 Merkmale nennen."
    ]
  },
  {
    "id": "ext_0204",
    "type": "single_choice",
    "question_text": "32. Was kannst du mir über die Anzahl der Eigentümer/Gesellschafter erzählen?",
    "correct_answer": ": Begriff definieren und 1–2 Merkmale nennen.",
    "topic": "Lernfragen",
    "tags": [
      "external_teacher"
    ],
    "ui": {
      "question_background": "#ECEFF1",
      "badge_color": "#455A64",
      "accent": "#607D8B"
    },
    "source": "external_teacher",
    "origin": "external_teacher",
    "possible_answers": [
      ": Begriff definieren und 1–2 Merkmale nennen."
    ]
  }
]